,資料集提供機關,資料集名稱,瀏覽次數,下載次數,資料集評分
1, 蒙藏委員會,蒙藏委員會補助團體私人情形季報表,7201,1092,3.461538315
2,蒙藏委員會,蒙藏用語對照表,4823,663,3.333333206
3,蒙藏委員會,西藏統計資料,5132,811,NA
4,蒙藏委員會,蒙古統計資料,4016,354,NA
5,蒙藏委員會,蒙藏委員會性別主流化訓練統計表,3912,372,4
6,中華郵政股份有限公司,3+2碼郵遞區號,28417,11882,4
7,中華郵政股份有限公司,縣市鄉鎮中英對照檔,22066,28475,3.857143021
8,中華郵政股份有限公司,中華郵政全國營業據點,8732,4112,4.5
9,臺灣省諮議會,臺灣省諮議會園區公共廁所資訊,4393,558,5
10,臺灣省諮議會,臺灣省諮議會園區停車場資訊,4211,545,3.5
11,臺灣省諮議會,臺灣省諮議會園區雕像作品資訊,3132,280,5
12,臺灣省諮議會,臺灣省諮議會園區週邊餐廳資訊,4036,641,4.5
13,臺灣省諮議會,臺灣省諮議會歷屆議員名單,4612,368,4.5
14,外交部,中華民國駐外單位聯合網站活動訊息,4996,571,NA
15,勞動部職業安全衛生署,職業傷病防治中心名單,7363,2067,5
16,警政署,各縣(市)警察(分)局暨所屬分駐(派出)所地址資料,32906,4148,3.94736824
17,國家發展委員會,行政院公報,9779,2016,5
18,國家發展委員會,數位機會調查,7509,2274,5
19,國家發展委員會,CNS11643中文標準交換碼全字庫(簡稱全字庫),137086,8759,4.446808624
20,國家發展委員會,iTaiwan中央行政機關室內公共區域免費無線上網熱點查詢服務,58156,4435,3.85
21,行政院公共工程委員會,當年度工程查核及複查結果,4439,370,NA
22,衛生福利部統計處,死因統計,36985,6162,3.269230652
23,內政部國土測繪中心,地政事務所轄區圖(WMS),8688,841,4
24,內政部國土測繪中心,村里界圖(TWD97_123分帶),31791,4569,3.647058868
25,消防署,救援與應變單位點位,9923,1310,3.5
26,經濟部,經濟統計區圖資,10115,1391,4.333333206
27,經濟部國際貿易局,貨品基本資料 (統計參考用),7225,898,NA
28,經濟部中小企業處,年度中小企業重要統計表,37014,5051,3.5
29,經濟部中小企業處,國家磐石獎,4947,545,4
30,經濟部中小企業處,創新研究獎,5198,680,5
31,經濟部中小企業處,小巨人獎,5788,686,NA
32,經濟部中央地質調查所,臺灣活動斷層分布圖(五十萬分之一紙圖版更新數值檔),10626,1203,2
33,經濟部加工出口區管理處,楠梓、高雄軟體園區就業資訊,8929,1013,4
34,經濟部標準檢驗局,ISO認可登錄廠商查詢,8958,853,3
35,經濟部標準檢驗局,各類貨品檢驗合格名單,8642,986,5
36,經濟部礦務局,台灣區土石生產量值表,5305,902,NA
37,經濟部水利署,水利防災資訊,7116,1326,4.42857132
38,經濟部水利署,防災資訊_淹水警戒,12624,1309,3.2
39,經濟部水利署,防災資訊_河川警戒,5311,645,5
40,經濟部水利署,防災資訊_水庫洩洪警戒,5341,850,4.333333206
41,科技部中部科學工業園區管理局,中部科學工業園區園區活動訊息,3399,310,NA
42,行政院公共工程委員會,拒絕往來廠商公告,24986,4019,3.8
43,行政院公共工程委員會,政府採購法規解釋函令及相關函文,9091,404,NA
44,行政院海岸巡防署,海上救生救難案例,4299,302,NA
45,行政院海岸巡防署,海巡統計年報,3703,248,NA
46,行政院海岸巡防署,海巡雙月刊,4550,179,5
47,行政院海岸巡防署,行政院海岸巡防署「重大政策」,3765,154,NA
48,行政院海岸巡防署,行政院海岸巡防署「資本支出-中長程個案計畫」,3746,159,NA
49,國家通訊傳播委員會,全國各縣市有線廣播電視基本頻道收視費用,5805,609,NA
50,國家通訊傳播委員會,電信設備審驗合格清單,4869,507,3
51,國家通訊傳播委員會,廣播電臺節目表,3797,544,NA
52,國家通訊傳播委員會,公眾頻率分配,4069,467,NA
53,衛生福利部,衛生福利部健康電子報,3865,308,NA
54,衛生福利部全民健康保險爭議審議會,全民健康保險爭議審議案件統計,6034,675,NA
55,文化部,文化部獨立音樂,17500,20944,3.5
56,文化部,文化部徵選活動,6651,9368,3
57,文化部,文化部競賽活動,7654,10032,NA
58,文化部,文化部綜藝活動,7713,11368,1
59,文化部,文化部電影,25145,22645,2.375
60,文化部,文化部講座資訊,7554,11284,4
61,文化部,文化部展覽資訊,42839,44034,3.8
62,文化部,文化部演唱會,12330,17517,4
63,文化部,文化部親子活動,8555,21685,4.5
64,文化部,文化部舞蹈表演資訊,34855,30567,3
65,文化部,文化部戲劇表演資訊,35694,9848,5
66,文化部,文化部音樂表演資訊,37607,13134,NA
67,文化部,文化部其他藝文資訊,23318,9167,1
68,行政院主計總處,消費者物價基本分類指數,12557,2195,3.75
69,行政院主計總處,所得層級別消費者物價指數,5705,897,1
70,行政院主計總處,消費者物價購買頻度別指數,5870,886,NA
71,中央銀行,央行貼放利率,3565,535,5
72,中央銀行,金融業隔夜拆款利率,6147,769,4.666666794
73,中央銀行,貨幣總計數,8032,755,3
74,中央銀行,外匯存底,4192,375,5
75,中央銀行,每季新臺幣發行數額及準備狀況,3085,302,1
76,經濟部工業局,臺灣製產品MIT微笑標章網站通過驗證產品資料,5344,801,3
77,經濟部智慧財產局,專利百大排行,3571,620,NA
78,經濟部能源局,國際原油價格,15372,2005,4.909090805
79,經濟部能源局,用電安全資訊,6335,657,3.857143021
80,經濟部能源局,再生能源電能躉購費率及其計算公式,4869,352,5
81,經濟部能源局,車型耗能證明核發資料,6134,2579,5
82,行政院農業委員會,水產精品資料,3739,811,3.5
83,行政院農業委員會,森林步道,12366,2623,2.333333397
84,行政院農業委員會,農村地方美食小吃特色料理,16043,4500,3.857143021
85,財政部國庫署,公益彩券銷售及盈餘分配情形,5846,2170,NA
86,財政部財政資訊中心,綜合所得稅結算申報書統計表,5761,3823,4
87,金融監督管理委員會,金管會新聞稿,10251,24463,2.333333397
88,金融監督管理委員會,金融機構基本資料查詢,27680,16265,2.625
89,金融監督管理委員會,金融機構國內總、分行存款餘額,11424,12109,2
90,金融監督管理委員會,財產保險業保費收入統計表,7796,10659,2
91,經濟部商業司,公司設立登記清冊(月份),42025,15595,4.272727203
92,經濟部商業司,公司變更登記清冊(月份),18025,7168,4.2
93,經濟部商業司,公司解散登記清冊(月份),17005,6872,4.2
94,台灣自來水股份有限公司,停水資訊,26738,5214,3.25
95,交通部公路總局,道路(橋梁)預警性封閉,8933,1158,1
96,交通部公路總局,客運時刻,15795,2104,3.666666794
97,財政部關務署,海關進出口貿易統計,9453,2916,3
98,財政部國有財產署,國有非公用土地提供綠美化資訊公開,5316,1226,4.5
99,勞動部,勞工育樂中心訊息,5609,619,NA
100,勞動部職業安全衛生署,防爆電氣設備檢定合格品名單,8669,1292,3
101,勞動部勞動基金運用局,新制勞工退休基金歷年最低保證收益率,4727,848,NA
102,勞動部勞動力發展署,就業博覽會及現場徵才資訊,10775,1313,2.25
103,勞動部勞動力發展署,職業訓練課程資訊,19516,1536,2.625
104,勞動部勞工保險局,勞保局各地辦事處,4438,685,2
105,勞動部勞工保險局,勞保年金給付介紹,3626,713,NA
106,勞動部勞動力發展署技能檢定中心,技能檢定發證數統計資料,6139,1279,5
107,台灣電力股份有限公司,用電統計資料,27027,4244,3.2
108,台灣中油股份有限公司油品行銷事業部,加油站服務資訊,10647,2060,3.636363602
109,民用航空局,交通部民用航空局獎補助費明細表,6046,742,2.25
110,交通部中央氣象局,顯著有感地震報告資料-顯著有感地震報告,64104,1133495,3.28571434
111,交通部中央氣象局,一般天氣預報-今明36小時天氣預報,24886,19165,4.5
112,交通部公路總局,道路(橋梁)災害性封閉,9652,1143,3
113,交通部航港局,金廈(東渡、五通)及石井航線航班表,5599,607,2.25
114,交通部航港局,馬祖小三通(南竿福澳-馬尾、北竿白沙-黃岐)航班表,5393,816,3
115,科技部南部科學工業園區管理局,南部科學工業園區園區活動通報資訊,3898,275,NA
116,行政院環境保護署,空氣品質監測站基本資料,16872,5279,3.181818199
117,行政院環境保護署,紫外線即時監測資料,40855,23644,3.777777863
118,行政院環境保護署,紫外線測站基本資料,6495,2040,5
119,行政院環境保護署,河川水質監測資料,7674,2220,5
120,行政院環境保護署,河川水質測點基本資料(含地理圖資),8144,2333,3.5
121,行政院環境保護署,環境即時通,11355,1298,3.75
122,原住民族委員會,102年度原住民族歲時祭儀放假日期,4129,789,NA
123,原住民族委員會,臺閩地區各縣市原住民族人口數統計資料,3617,713,2
124,原住民族委員會,原住民十大特色美食,5045,1717,4.75
125,原住民族委員會,101年臺灣原住民族文學獎,3350,700,3.5
126,原住民族委員會,拜訪部落-擁抱25條臺灣原住民私房景點路線,10026,2077,3
127,教育部統計處,幼兒園名錄,10599,2976,3.875
128,教育部統計處,國民小學名錄,9221,3003,2.333333397
129,教育部統計處,國民中學名錄,5429,1373,NA
130,教育部統計處,一般高級中等學校名錄,8272,1938,5
131,教育部統計處,獨立高級中等進修學校名錄,6286,1072,NA
132,教育部統計處,大專校院名錄,16448,6123,3.666666794
133,國立故宮博物院,第2批書畫類文物後設資料,3233,204,NA
134,國立故宮博物院,第1批書畫類文物後設資料,3689,222,NA
135,行政院原子能委員會,核能電廠運轉資訊,3224,286,NA
136,行政院原子能委員會,全國環境輻射偵測,37065,49739,4.4
137,行政院原子能委員會,原能會Youtube專區,2939,160,NA
138,行政院原子能委員會,國內輻射偵檢合格鋼鐵業名冊,3228,178,NA
139,行政院原子能委員會,體外劑量評定機構名單,2258,128,NA
140,國家發展委員會,景氣指標及燈號,21723,2095,4.357143021
141,國家發展委員會,臺灣採購經理人指數,6046,485,5
142,國家發展委員會,人口推計,6489,588,4.4
143,國家發展委員會,都市及區域發展統計彙編,6604,478,1
144,行政院大陸委員會,大陸地區人民來臺從事文教交流統計,3656,393,5
145,行政院大陸委員會,大陸人士來臺從事文教交流核准數,3192,184,NA
146,行政院大陸委員會,金馬小三通航運人員往來統計月報,3102,495,5
147,僑務委員會,海外華人僑團統計,3377,634,5
148,僑務委員會,海外華文學校、中文班分布情形,2938,537,NA
149,僑務委員會,海外信用保證基金承保案件統計,2939,415,NA
150,僑務委員會,各級學校及海青班在學僑生人數統計,3155,406,NA
151,僑務委員會,辦理華僑身分證明書、護照加簽僑居身分及役政用華僑身分證明書案件,3398,381,NA
152,外交部,駐外館處通訊錄,3032,253,5
153,外交部,駐華使館及機構通訊錄,2762,234,5
154,中華郵政股份有限公司,全國郵局ATM分佈,11630,2305,2.9
155,國軍退除役官兵輔導委員會,退輔會所屬醫療機構基本資料,4057,259,NA
156,國軍退除役官兵輔導委員會,退輔會所屬醫療機構開設病床數,3620,259,NA
157,國軍退除役官兵輔導委員會,退輔會所屬安養機構基本資料,3104,299,NA
158,國軍退除役官兵輔導委員會,退輔會所屬安養機構現有床位數,3267,313,NA
159,國軍退除役官兵輔導委員會,退輔會所屬農林遊憩區基本資料,3458,238,NA
160,公平交易委員會,多層次傳銷-已完成報備名單,6583,483,5
161,公平交易委員會,多層次傳銷-尚待補正名單,2618,318,NA
162,公平交易委員會,多層次傳銷-搬遷不明及無營業跡象名單,2778,242,NA
163,公平交易委員會,多層次傳銷-已起訴或判決名單,3104,286,4
164,公平交易委員會,多層次傳銷事業報備統計,2713,192,NA
165,警政署,歷年重大交通事故地點資料,15650,2779,3.5
166,衛生福利部食品藥物管理署,不符合食品資訊資料集,17623,2441,3.666666794
167,衛生福利部食品藥物管理署,藥局基本資料,37786,13224,3.647058868
168,國立故宮博物院,第1批器物類文物後設資料,3344,176,NA
169,國立故宮博物院,第2批器物類文物後設資料,3235,147,NA
170,國立故宮博物院,第3批器物類文物後設資料,3229,143,NA
171,交通部臺灣鐵路管理局,鐵路時刻表,80197,9206,2.666666603
172,臺灣港務股份有限公司,基隆港國際線旅客船船期表,7239,757,2
173,臺灣港務股份有限公司,高雄港郵輪船期,10013,10002,4.090909195
174,臺灣港務股份有限公司,花蓮港務分公司觀光郵輪各航次進出港預報表,5415,430,3
175,行政院原子能委員會,核子反應器設施持照運轉員人數,2414,139,NA
176,客家委員會,客家委員會客家學術機構,3697,321,NA
177,客家委員會,客家委員會海外客家社團,4422,424,NA
178,客家委員會,客家委員會客語生活學校,3842,429,NA
179,客家委員會,客家委員會桐花景點步道,9071,1056,1.75
180,客家委員會客家文化發展中心,客家委員會苗栗客家文化園區圖書資料中心館藏,3634,202,NA
181,客家委員會,客家委員會年度客家民俗節慶活動,4446,289,3
182,行政院農業委員會,吉園圃資訊,3770,671,NA
183,行政院農業委員會,屏東農業生物技術園區進駐企業資訊,2467,403,NA
184,勞動部勞動力發展署,微型創業鳳凰創業課程,5096,491,5
185,勞動部勞動及職業安全衛生研究所,勞動及職業安全衛生研究所_各年度研究報告,3242,318,NA
186,行政院公共工程委員會,決標金額前5大之決標公告,7468,318,3.5
187,行政院公共工程委員會,各科執業技師人數統計,4981,413,5
188,國家災害防救科技中心,中央氣象局颱風路徑及預報,8219,5158,3
189,國家災害防救科技中心,中央氣象局颱風暴潮觀測,4861,693,3
190,國家災害防救科技中心,中央氣象局雷達回波,18566,158944,4.444444275
191,國家災害防救科技中心,中央氣象局雨量觀測-日累積圖,13715,8204,2.4
192,國家災害防救科技中心,中央氣象局雨量站觀測資料,84838,54620,3.163265228
193,國家災害防救科技中心,中央氣象局颱風侵襲機率,6664,1574,1
194,國家災害防救科技中心,水土保持局土石流潛勢溪流(新北市),6524,1186,2.833333397
195,國家災害防救科技中心,水利署淹水警戒,6839,1556,5
196,國家災害防救科技中心,水利署水庫洩洪警戒,4752,702,NA
197,國家災害防救科技中心,中央氣象局豪大雨特報,9899,7401,2
198,國家災害防救科技中心,中央氣象局地震報告,9733,4765,3.2
199,國家災害防救科技中心,中央氣象局海嘯警報,5696,1869,NA
200,國家災害防救科技中心,水土保持局土石流紅黃警戒,8485,2895,2.666666603
201,國家災害防救科技中心,中央氣象局颱風警報,7021,2722,4
202,國家災害防救科技中心,水利署河川水位警戒,9488,2497,2.5
203,財政部財政資訊中心,全國財產稅籍持有人數統計表,6582,2254,5
204,臺灣糖業股份有限公司,台糖加油站據點資訊,6581,993,2.5
205,臺南市政府,臺南市政府無線上網熱點,6696,961,3.75
206,臺南市政府,臺南市國小新生報到人數,3396,556,NA
207,臺南市政府,臺南市政府工務局道路挖掘路證列表,2706,253,NA
208,臺南市政府,臺南市政府工務局在建工程列表,3058,305,NA
209,臺南市政府,臺南市托育機構,4230,552,5
210,臺南市政府,臺南市兒少安置機構,4791,575,5
211,國防部,衛教資訊,5536,708,1
212,臺南市政府,臺南市國中各校男女生人數統計,3265,508,2.5
213,臺南市政府,臺南市公園基本資料,3193,449,5
214,臺南市政府,臺南景點,6219,943,2.666666603
215,臺南市政府,臺南餐飲,4611,764,3.4
216,國防部,國軍鳥擊防制資料,3622,359,5
217,中央選舉委員會,總統副總統選舉結果概況,4873,1246,1
218,中央選舉委員會,立法委員選舉結果概況及不分區得票資料,9060,1193,4
219,中央選舉委員會,直轄市長選舉結果概況,4045,611,NA
220,中央選舉委員會,縣市長選舉結果概況,6148,782,NA
221,臺南市政府,臺南市老人長期照護、養護、安養機構,4312,423,3.5
222,國防部,各縣市國軍英雄館基本資料表,3663,285,3
223,臺南市政府,臺南市國中小網路暑假作業競賽作品,2855,244,NA
224,臺南市政府,臺南市校園藝文活動新聞,2810,287,NA
225,臺南市政府,臺南市教育公告,2434,201,NA
226,國防部,國軍協助災害防救,7837,605,3.75
227,中央選舉委員會,直轄市議員選舉結果概況,4252,563,2
228,中央選舉委員會,縣市議員選舉結果概況,6084,556,3
229,中央選舉委員會,鄉鎮市民代表選舉結果概況,4766,476,3
230,中央選舉委員會,鄉鎮市長選舉結果概況,3559,466,3.5
231,臺南市政府,臺南市教師研習課程資訊,2454,217,NA
232,臺南市政府,非讀BOOK台南愛讀冊資源列表,3936,273,4
233,國防部,國軍文藝活動中心,6402,274,5
234,中央選舉委員會,直轄市里長選舉結果概況,14308,1388,3.219512177
235,中央選舉委員會,村里長選舉結果概況,18880,1454,3.636363602
236,臺南市政府,臺南市學校網路電話,3126,408,5
237,國防部,國軍加強河川野溪疏濬,4117,203,1
238,國防部,外島排雷成效資料,4108,273,1
239,交通部高速鐵路工程局,臺灣桃園國際機場聯外捷運系統路線資料,5879,3759,5
240,桃園國際機場股份有限公司,台灣桃園國際機場無線上網熱點位置,4137,399,2
241,國防部,國軍醫院基本資料,8389,611,4.666666794
242,國防部,102年國軍鄉民收容(安置)營區資料,7946,283,1.571428585
243,地政司, 不動產買賣實價登錄批次資料,184920,41221,3.42857132
244,地政司,不動產租賃實價登錄批次資料,16155,11611,3.555555725
245,地政司,預售屋買賣實價登錄批次資料,12188,4519,3.916666794
246,交通部,機車使用狀況調查資料,22947,2844,3.57142868
247,臺南市政府,臺南市運動地圖,6783,672,NA
248,交通部臺灣區國道高速公路局,高速公路局各服務區顧客服務專線一覽表,3670,330,NA
249,文化部,文化部公共藝術,21700,18122,5
250,文化部,文化部展演空間,23368,29579,NA
251,文化部,文化部文化行政據點,3776,410,NA
252,文化部,文化部特色圖書館,3995,873,NA
253,文化部,文化部文創商店,6039,994,NA
254,文化部,文化部獨立書店,6632,1607,NA
255,金融監督管理委員會,各金融機構共通性費用資訊彙整表(銀行),5135,670,2
256,金融監督管理委員會,各金融機構共通性費用資訊彙整表(信合社),3364,262,NA
257,交通部臺灣區國道高速公路局,高速公路延車公里統計,4799,583,3
258,臺南市政府,臺南市學校代碼列表,2445,181,NA
259,教育部國民及學前教育署,學生體重平均值(6歲-15歲),8018,1816,4
260,教育部國民及學前教育署,十二年國民基本教育-適性輔導影片,2719,251,NA
261,教育部統計處,大專院校校別學生數,6445,3118,5
262,教育部統計處,大專院校校別專任教師數,4186,761,5
263,教育部統計處,大專校院校別專任教師數－學歷別,3986,611,NA
264,教育部統計處,大專院校校別班級數,3587,426,NA
265,教育部統計處,大專校院校別畢業生人數(上學年度),3658,661,NA
266,教育部統計處,宗教研修學院概況－按校別分,3797,622,5
267,教育部統計處,空大及大專進修學校概況,3010,465,NA
268,教育部統計處,高級中等學校校別資料(含進修部(學校)) ,3430,638,NA
269,教育部統計處,國民中學校別資料,4256,698,NA
270,教育部統計處,國民小學校別資料,4369,777,NA
271,教育部統計處,補習學校校別資料,3002,447,NA
272,文化部,文化部博物館,5681,1070,NA
273,文化部,文化部社區,8345,1288,1.5
274,文化部,文化部地方文化館,5420,796,5
275,國立臺灣工藝研究發展中心,工藝中心工藝之家,6611,669,5
276,文化部文化資產局,文資局古蹟,7082,1721,4.5
277,警政署,婦幼安全警示地點,46812,4614,3.6
278,交通部,民眾日常使用運具狀況調查,13504,2693,4
279,交通部,小客貨車租賃業營運狀況調查資料,7565,809,3
280,交通部,98年自行車使用狀況調查,6038,566,3.666666794
281,交通部,民眾對交通部施政措施滿意度調查,6401,597,2.666666603
282,交通部,計程車營運狀況調查,8778,1749,4.6
283,交通部,遊覽車營運狀況調查,8034,863,3.5
284,交通部運輸研究所,100年世界前10名國際機場之客運量排名與成長率,2722,374,NA
285,交通部運輸研究所,100年世界前10大國際機場之貨運量、排名與成長率,2879,286,NA
286,交通部運輸研究所,其他部分國家高速鐵路長度比較表,2327,223,NA
287,交通部運輸研究所,其他部分國家鐵路長度比較表,2569,210,NA
288,勞動部勞工保險局,勞保投保薪資分級表,16431,1323,3.71428566
289,勞動部勞工保險局,勞就保保險費分擔金額表,4171,731,5
290,勞動部勞工保險局,職業工會會員勞保月負擔保險費金額表,3461,337,5
291,勞動部勞工保險局,漁會會員勞保月負擔保險費金額表,2979,314,5
292,勞動部勞工保險局,職業災害保險適用行業別及費率表,11340,1355,1
293,勞動部職業安全衛生署,職業重建單位名單,2473,379,NA
294,勞動部勞工保險局,投保農會名稱與地址一覽表,1950,395,3
295,勞動部勞工保險局,勞保局國保業務說明會辦理地區場次,2063,315,3.5
296,勞動部勞工保險局,直轄市或縣（市）政府辦理身心障礙鑑定指定醫療機構名冊,2695,255,NA
297,勞動部勞工保險局,國民年金保險費代收及轉帳代繳金融機構一覽表,2831,241,NA
298,勞動部勞工保險局,勞工保險局委託代收、轉帳保險費金融機構一覽表,2136,202,NA
299,勞動部勞工保險局,職業工會、漁會欠費名單,3755,547,3
300,勞動部勞工保險局,勞工保險預防職業病健康檢查之檢查對象及項目,3482,278,NA
301,勞動部勞工保險局,衛生福利部評鑑合格之醫院名單,16966,3122,3.42857132
302,勞動部勞工保險局,勞工退休金繳納方式,2991,405,NA
303,勞動部勞工保險局,勞退個人專戶查詢管道,3334,465,5
304,勞動部勞工保險局,勞工退休金月提繳工資分級表,7717,628,NA
305,勞動部勞工保險局,積欠工資墊償歷年統計,2152,385,NA
306,勞動部勞工保險局,積欠工資墊償追償統計,2223,399,NA
307,勞動部,工會團體名冊,4520,1178,3
308,勞動部,勞動基準法適用公告,3235,523,NA
309,勞動部,勞動基準法第84條之1核定工作者,5132,1087,5
310,勞動部,基本工資之制定與調整經過,5579,757,5
311,勞動部,97年與99年友善職場優良事業單位具體措施,3019,254,NA
312,教育部國民及學前教育署,學生身高平均值(6歲-15歲),10594,1348,5
313,教育部國民及學前教育署,國小學生體位趨勢,6332,873,3
314,教育部國民及學前教育署,特殊教育學校名錄,2461,333,NA
315,教育部統計處,大專校院校別職員.警衛.工友人數,2643,480,1
316,教育部統計處,大專校院校地校舍面積統計,4700,1132,4
317,教育部統計處,大專校院圖書館統計,4990,1144,3.5
318,教育部統計處,大專校院境外學生人數統計,4276,1085,NA
319,教育部統計處,大專校院外籍專任教師統計－按校別、性別與職級別分,2602,458,NA
320,教育部統計處,大專校院外籍專任教師統計－按校別、國別、性別與職級別分,2771,475,5
321,僑務委員會,十月慶典回國僑胞報到人數,2024,163,NA
322,僑務委員會,函授教育入學及結業學生人數,1754,157,NA
323,僑務委員會,大專院校畢業僑生人數,2006,176,NA
324,僑務委員會,僑民對九二一大地震之反應及捐款情形,2065,155,5
325,勞動部,台灣勞工季刊,11513,740,5
326,行政院環境保護署,國際環保新聞週報,4561,765,NA
327,行政院環境保護署,環保新聞,2897,864,NA
328,僑務委員會,海外華僑文教服務中心地址及聯絡資訊,2019,147,5
329,僑務委員會,歷屆美洲各地中華會館、中華公所、華僑總會聯誼會召開年會時間及地點,2170,149,5
330,僑務委員會,歷屆歐洲華僑團體聯誼會召開年會時間及地點,2016,129,5
331,僑務委員會,歷屆中美洲暨巴拿馬六國中華、華僑總會聯合總會召開年會時間及地點,2270,133,5
332,僑務委員會,核發華僑身分證明書案件─按僑居地別分,1875,145,NA
333,僑務委員會,僑務委員會議資料表,1911,189,NA
334,行政院主計總處,消費者物價商品性質分類指數,3932,607,NA
335,交通部,自用小客車使用狀況調查,10891,1492,4.166666794
336,交通部,汽車貨運調查,6017,662,4.25
337,台灣自來水股份有限公司,水質資訊,6769,959,4.8
338,台灣自來水股份有限公司,供水人口及普及率,5680,769,2.333333397
339,台灣自來水股份有限公司,深溝水源生態園區介紹,2535,271,NA
340,教育部國民及學前教育署,奧林匹亞競賽歷年參賽成績,2847,285,NA
341,教育部國民及學前教育署,高級中等學校實用技能學程核班情形,2811,337,NA
342,教育部國民及學前教育署,建教合作班核班情形,2109,327,NA
343,教育部國民及學前教育署,十二年國民基本教育-國中活化教學列車影片,2335,202,NA
344,教育部國民及學前教育署,國民中小學教科書審定通過表,2267,163,NA
345,國家教育研究院,國家教育研究院專案研究報告,2709,187,NA
346,國家教育研究院,國際教育訊息電子報,2756,174,NA
347,國家教育研究院,愛學網電視館,5864,175,3
348,國家教育研究院,教育學學術名詞,2542,148,NA
349,國家教育研究院,中央機關一般職稱雙語詞彙,15433,3354,3.777777863
350,國立教育廣播電臺,國立教育廣播電臺公告事項,1623,156,NA
351,國立教育廣播電臺,國立教育廣播電臺熱門推薦,2140,154,NA
352,國立教育廣播電臺,國立教育廣播電臺文教新聞,2035,164,NA
353,國立教育廣播電臺,國立教育廣播電臺活動快訊,2044,179,NA
354,國家發展委員會,都市及區域發展統計彙編 ─ 都市及區域發展指標,2817,266,NA
355,國家發展委員會,都市及區域發展統計彙編 ─ 1-1.土地面積、戶數、人口數、人口密度、年齡結構及扶養比例,3840,434,3
356,國家發展委員會,都市及區域發展統計彙編 ─ 1-2.土地面積、戶數、人口數、人口密度、年齡結構及扶養比例按主要都市分,4549,405,NA
357,國家發展委員會,都市及區域發展統計彙編 ─ 1-3.人口成長,2543,265,5
358,國家發展委員會,都市及區域發展統計彙編 ─ 1-4.人口成長按主要都市分,2403,209,4
359,國家發展委員會,都市及區域發展統計彙編 ─ 1-5.農戶與非農戶人口,1953,200,NA
360,經濟部加工出口區管理處,園區土地資訊,3328,414,NA
361,經濟部加工出口區管理處,園區標準廠房資訊,2905,357,NA
362,經濟部加工出口區管理處,園區事業別營業額資訊,2157,179,NA
363,經濟部加工出口區管理處,園區事業資金來源資訊,1907,151,NA
364,經濟部加工出口區管理處,園區各業別暨受雇員工平均工資資訊,3843,247,NA
365,經濟部加工出口區管理處,園區水電耗用狀況資訊,2162,189,3
366,臺灣糖業股份有限公司,台糖蜜鄰便利超市據點資訊,4654,355,3.333333206
367,經濟部國際貿易局,貨品輸出入規定資料 (統計參考用),3921,578,3
368,台灣中油股份有限公司油品行銷事業部,中油主產品牌價,18893,1824,2.2
369,勞動部職業安全衛生署,通過職業安全衛生管理系統(TOSHMS)驗證單位名單,2949,277,NA
370,勞動部職業安全衛生署,勞工安全衛生教育訓練單位評鑑結果績優名單,3472,278,NA
371,行政院環境保護署,沙塵預報資料,2855,648,2
372,行政院環境保護署,全國細懸浮微粒手動監測資料,4929,1600,5
373,行政院環境保護署,土壤及地下水污染管制區公告資料,6790,1236,2
374,行政院環境保護署,水庫水質監測資料,3469,952,NA
375,行政院環境保護署,海域水質監測資料,2585,595,NA
376,行政院環境保護署,海灘夏季水質監測資料,2459,752,NA
377,行政院環境保護署,區域性地下水水質監測資料,2847,506,NA
378,行政院環境保護署,空氣品質預報資料,6832,1974,3.5
379,行政院環境保護署,土壤及地下水污染場址基本資料,3439,595,3
380,行政院環境保護署,機車排氣定檢站資料,3937,693,NA
381,行政院環境保護署,環境空氣戴奧辛監測資料,3589,738,4.5
382,行政院環境保護署,列管毒性化學物質毒理資料,2992,505,NA
383,行政院環境保護署,自來水水質抽驗結果(依件數),2190,445,NA
384,行政院環境保護署,自來水水質抽驗結果(依項目),2207,498,NA
385,行政院環境保護署,包裝及盛裝飲用水水源水質抽驗結果,2416,521,5
386,行政院環境保護署,應回收廢棄物回收業者資料,4950,595,3
387,行政院環境保護署,應回收廢棄物處理業者資料,2635,621,2
388,行政院環境保護署,全國各縣市清潔隊資料,2371,382,NA
389,行政院環境保護署,環境影響評估案件摘要資料,2214,444,NA
390,行政院環境保護署,列管污染源基本資料,7106,948,5
391,行政院環境保護署,公民營廢棄物清除機構資料,2713,385,NA
392,行政院環境保護署,廢行動通訊產品回收點資料,2167,363,NA
393,行政院環境保護署,焚化廠基本資料,2073,393,NA
394,行政院環境保護署,焚化廠營運月報,2087,408,NA
395,行政院環境保護署,焚化廠營運年報,1687,311,NA
396,行政院環境保護署,焚化廠空污檢測資料,2181,478,NA
397,行政院環境保護署,焚化廠飛灰穩定化檢測資料,2142,332,NA
398,行政院環境保護署,焚化廠飛灰原始檢測資料,1454,134,NA
399,行政院環境保護署,焚化廠底渣原始檢測資料,2231,356,NA
400,行政院環境保護署,環境教育設施場所認證資料,3820,406,NA
401,行政院環境保護署,環境教育機構認證資料,2226,358,NA
402,行政院環境保護署,環境檢驗測定機構許可資料,6424,467,NA
403,行政院環境保護署,機動車輛測定機構許可資料,2117,353,NA
404,行政院環境保護署,區域性地下水水質測站位置圖,3162,472,NA
405,行政院環境保護署,全國飲用水水源水質保護區範圍圖,5416,904,5
406,行政院環境保護署,交通噪音監測站位置圖,3826,492,NA
407,行政院環境保護署,空氣污染防制區範圍圖,4585,684,5
408,行政院環境保護署,空氣品質區範圍圖,4723,971,4
409,行政院環境保護署,環境噪音監測站位置圖,2481,354,NA
410,行政院環境保護署,土壤319公頃_調查區一公頃範圍圖,2886,422,NA
411,行政院環境保護署,土壤319公頃_一公頃一採樣點位置圖,2720,364,NA
412,行政院環境保護署,土壤污染管制區範圍圖,5177,733,NA
413,行政院環境保護署,垃圾掩埋場位置圖,4558,827,NA
414,行政院環境保護署,垃圾掩埋場復育場址位置圖,3631,397,NA
415,行政院環境保護署,垃圾掩埋場範圍圖,4355,547,NA
416,行政院環境保護署,焚化爐廠區範圍圖,2353,428,NA
417,行政院環境保護署,公害陳情案件分佈位置圖,4293,590,2
418,行政院環境保護署,公害陳情警示區域範圍圖,3185,493,4
419,行政院環境保護署,環保專案摘要資料,2374,327,5
420,行政院環境保護署,區域性地下水水質監測井基本資料,7607,1053,4
421,行政院環境保護署,水庫水質監測點基本資料,2880,711,5
422,行政院環境保護署,海域水質監測點基本資料,2299,589,NA
423,臺南市政府,臺南市國中小學區列表,2347,205,NA
424,臺南市政府,臺南市政府工務局管線案件列表,2105,148,NA
425,衛生福利部國民健康署,癌症發生統計,21296,3204,4
426,經濟部工業局,遊戲軟體分級,3885,577,3
427,經濟部貿易調查委員會,反傾銷稅案件之產業損害調查處理情形,2497,324,NA
428,文化部文化資產局,文資局文化景觀,4681,1689,3
429,經濟部加工出口區管理處,加工出口區近年進出口貿易值,3067,542,2.5
430,行政院農業委員會,全國休閒農業區旅遊資訊,5541,1764,3.5
431,勞動部勞工保險局,國民年金保險被保險人應負擔保險費金額表,2963,269,NA
432,勞動部勞工保險局,勞保局出版品,2297,401,NA
433,行政院公共工程委員會,採購專業人員訓練班代訓機構招生中開課清單,2205,131,2
434,行政院公共工程委員會,近1年工程採購案廠商於同一機關得標20件以上之廠商及機關名,2571,162,5
435,行政院公共工程委員會,優良廠商名單,7858,1004,5
436,衛生福利部國民健康署,各醫院癌症資源中心,3998,533,3.5
437,行政院農業委員會,來到農村住一晚-休閒農場住宿資訊,5715,1258,4
438,行政院農業委員會,全國漁會產品資訊,2419,345,NA
439,勞動部勞動力發展署,微型創業鳳凰諮詢顧問名單,5604,587,2
440,行政院,行政院院會決議,2517,287,NA
441,行政院,行政院即時新聞,3862,770,NA
442,行政院,行政院消費者保護會-消費者保護新聞稿,2321,286,NA
443,行政院,行政院消費者保護會-消費資（警）訊,2628,391,NA
444,國立自然科學博物館,國立自然科學博物館展示資源,2098,176,NA
445,國立自然科學博物館,國立自然科學博物館最新消息,2169,206,NA
446,國立公共資訊圖書館,公共圖書館統計,4477,473,NA
447,國立公共資訊圖書館,國立公共資訊圖書館活動公告,2097,188,NA
448,國軍退除役官兵輔導委員會,退輔會全球資訊網站最新消息,3985,175,NA
449,國軍退除役官兵輔導委員會,退輔會福壽山農場網站最新消息,1944,139,NA
450,行政院主計總處,家庭收支重要指標,3997,715,NA
451,國軍退除役官兵輔導委員會,退輔會102年度榮民服務處進修訓練課程資訊,1868,134,NA
452,中央銀行,火焚、污破損新臺幣券幣鑑定暨兌換作業,2297,152,5
453,中央銀行,國際投資部位統計,2300,167,NA
454,經濟部投資業務處,與我國簽署投資保障(證)協定國家一覽表,2263,266,NA
455,經濟部國際貿易局,海外服務業會展商情,4691,470,NA
456,經濟部智慧財產局,專利案件數量統計,5984,479,3
457,經濟部智慧財產局,商標案件數量統計,2146,243,NA
458,經濟部智慧財產局,商標專有名詞中英對照,2379,192,NA
459,經濟部礦務局,進口砂石裝卸量統計表,5093,719,2
460,經濟部水利署,水利署疏濬資訊(2013年9月以後),3677,15203,4.5
461,經濟部能源局,已開業加氣站分布情況,3116,394,4.666666794
462,經濟部能源局,澎湖低碳島電動機車充電站位置,4192,289,4.8
463,經濟部能源局,節能績優獎,2574,189,5
464,國家通訊傳播委員會,垃圾郵件攔阻數據統計,2275,308,NA
465,國家通訊傳播委員會,第二類電信業者名單及其營業項目,5613,413,2.25
466,國家通訊傳播委員會,無線調頻(FM)廣播電臺頻率及發射機位址,2471,232,3
467,國家通訊傳播委員會,無線調幅(AM)廣播電臺頻率及發射機位址,3118,229,NA
468,勞動部勞工保險局,勞工退休金服務電話,1760,281,NA
469,勞動部勞工保險局,勞工保險局積欠工資墊償當年各月墊償統計資料,2650,272,1.5
470,勞動部勞動基金運用局,新制勞工退休基金歷年最近月份收益率,3461,853,3
471,經濟部國際貿易局,產證簽發單位相關資訊,3511,407,5
472,國立自然科學博物館,國立自然科學博物館學習資源,1950,160,NA
473,國立公共資訊圖書館,國立公共資訊圖書館期刊訂閱一覽表,2249,250,NA
474,國立公共資訊圖書館,國立公共資訊圖書館獎助博碩士論文,2352,306,NA
475,國立公共資訊圖書館,國立公共資訊圖書館聽視障資訊中心館藏目錄清單,2504,579,NA
476,國立科學工藝博物館,國立科學工藝博物館遺失物資訊,1668,164,NA
477,衛生福利部國民健康署,乳房X光攝影認證醫療機構,3254,277,NA
478,公平交易委員會,公平會101年度案件處理統計,1807,156,NA
479,公平交易委員會,公平會101年收辦案件-按性質別統計,2311,219,NA
480,公平交易委員會,公平會101年收辦案件辦結率統計,1766,167,NA
481,公平交易委員會,公平會101年檢舉案處理結果,1952,154,NA
482,公平交易委員會,公平會101年檢舉者及被檢舉者身分類別結構,1640,169,NA
483,公平交易委員會,公平會101年被檢舉者行業別結構,1693,126,NA
484,公平交易委員會,公平會101年涉及公平交易法之檢舉案件行為態樣統計,1808,218,NA
485,公平交易委員會,公平會101年檢舉案處分件數統計-按違反公平交易法行為別分,1434,161,NA
486,公平交易委員會,公平會101年請釋案處理概況,1545,154,NA
487,公平交易委員會,公平會101年請釋者身分類別結構,1652,234,NA
488,經濟部,優良市集,4463,442,4.333333206
489,經濟部,綠色市集,3196,425,4.5
490,經濟部,認證名攤,3307,384,4
491,國立科學工藝博物館,國立科學工藝博物館科技教育活動課程,1936,295,NA
492,衛生福利部統計處,醫院病床統計,32545,4040,3.083333397
493,衛生福利部統計處,醫院人力統計,6694,788,2
494,衛生福利部統計處,醫院科別統計,5560,648,5
495,衛生福利部統計處,診所人力統計,3316,380,3
496,衛生福利部統計處,診所科別統計,8115,1081,2.57142849
497,文化部,文化部藝文活動-所有類別,4654,1539,NA
498,僑務委員會,華文教師回國研習班參加人數,1785,123,NA
499,僑務委員會,海外華裔青年各項活動人數,1559,110,NA
500,僑務委員會,北美地區海外民俗文化種子教師培訓班培訓人數,1431,112,NA
501,僑務委員會,獲得學行優良僑生獎學金人數(按學年度別分)統計,1858,117,NA
502,僑務委員會,海外華人人數,2818,210,NA
503,僑務委員會,清寒僑生工讀補助人次(按學年度別分)統計,1779,122,NA
504,僑務委員會,本會自行編製(印)華文教材,1737,166,NA
505,僑務委員會,海外華裔青（少）年暑期研習營人數,1399,114,NA
506,僑務委員會,海外華文教師研習會參加人數,1653,135,NA
507,僑務委員會,海外數位學習經營管理人員研習班參加人數,1745,135,NA
508,國家發展委員會,都市及區域發展統計彙編 ─ 2-1. 都市計畫區面積與人口數,3903,375,NA
509,國家發展委員會,都市及區域發展統計彙編 ─ 2-2. 都市計畫區土地使用分區面積,2610,249,NA
510,國家發展委員會,都市及區域發展統計彙編 ─ 2-3.非都市土地使用分區面積,2261,192,NA
511,國家發展委員會,都市及區域發展統計彙編 ─ 2-4. 非都市土地使用編定面積,1899,234,NA
512,國家發展委員會,都市及區域發展統計彙編 ─ 2-7. 水資源開發建設－主要水庫壩堰,1606,226,NA
513,國家發展委員會,都市及區域發展統計彙編 ─ 2-8. 國家公園設置情形,3586,217,NA
514,國家發展委員會,都市及區域發展統計彙編 ─ 2-9. 自然保留區及野生動物保護區設置情形,2025,154,NA
515,國家發展委員會,都市及區域發展統計彙編 ─ 2-10. 國家風景特定區設置情形,2138,151,NA
516,國家發展委員會,都市及區域發展統計彙編 ─ 3-1. 自來水普及率及用水量,3301,260,1
517,國家發展委員會,都市及區域發展統計彙編 ─ 3-2. 電燈用戶數與用電量,3255,336,NA
518,國家發展委員會,都市及區域發展統計彙編 ─ 4-1. 公路長度與面積,1661,160,NA
519,國家發展委員會,都市及區域發展統計彙編 ─ 4-2. 交通費用、汽車數及機車數,2770,381,1
520,國家發展委員會,都市及區域發展統計彙編 ─ 4-3觀光旅館分布.,3031,346,NA
521,國家發展委員會,都市及區域發展統計彙編 ─ 4-4. 國內主要觀光遊憩據點遊客人數,3678,489,5
522,國家發展委員會,都市及區域發展統計彙編 ─ 5-1. 醫師數及病床數,2733,323,5
523,國家發展委員會,都市及區域發展統計彙編 ─ 5-2. 醫師數及病床數按 主要都市分,1697,159,NA
524,國家發展委員會,都市及區域發展統計彙編 ─ 5-3.老人長期照護、養護及安養機構.,5419,516,1.5
525,國家發展委員會,都市及區域發展統計彙編 ─ 6-1. 歷年住宅投資,2235,146,3
526,國家發展委員會,都市及區域發展統計彙編 ─ 6-2.住宅支出,1950,154,NA
527,國家發展委員會,都市及區域發展統計彙編 ─ 6-3. 住宅狀況,2028,184,NA
528,國家發展委員會,都市及區域發展統計彙編 ─ 6-4. 整合住宅補貼資源實施方案補貼申請,2328,136,NA
529,國家發展委員會,都市及區域發展統計彙編 ─ 7-1. 空氣污染之測定結果,2220,221,NA
530,國家發展委員會,都市及區域發展統計彙編 ─ 7-2. 垃圾清運處理狀況,1862,191,NA
531,國家發展委員會,都市及區域發展統計彙編 ─ 7-3. 重要河川污染情形,1915,174,NA
532,國家發展委員會,都市及區域發展統計彙編 ─ 7-4. 污水處理率,1895,187,3
533,國家發展委員會,都市及區域發展統計彙編 ─ 8-1. 刑案件數、道路交通事故、火災發生次數及消防設備,2955,269,NA
534,國家發展委員會,都市及區域發展統計彙編 ─ 9-1. 教育程度及書報雜誌,1872,158,NA
535,國家發展委員會,都市及區域發展統計彙編 ─ 9-2. 各級學校數,1744,191,NA
536,國家發展委員會,都市及區域發展統計彙編 ─ 9-3. 藝文展演活動統計,2365,187,NA
537,國家發展委員會,都市及區域發展統計彙編 ─ 10-1. 各縣市政府歲入決算數,1953,201,NA
538,國家發展委員會,都市及區域發展統計彙編 ─ 10-2. 各縣市政府歲出決算數,3154,210,5
539,國家發展委員會,都市及區域發展統計彙編 ─ 11-1. 平均每戶全年經常性收入及支出,2583,246,NA
540,國家發展委員會,都市及區域發展統計彙編 ─ 11-2. 平均每戶可支配所得、消費支出及儲蓄,2724,310,NA
541,國家發展委員會,都市及區域發展統計彙編 ─ 11-3. 家庭設備普及率,2197,217,4
542,國家發展委員會,都市及區域發展統計彙編 ─ 12-1. 就業率及就業人口行業分配,2853,415,NA
543,國家發展委員會,都市及區域發展統計彙編 ─ 12-2. 失業率及未參與勞動原因人數,2361,272,NA
544,行政院環境保護署,環保署公聽會資料,2740,397,NA
545,教育部體育署,歷屆原住民運動會資料,1746,195,1.5
546,教育部體育署,身心障礙國民運動會歷屆資料,1790,193,2
547,教育部體育署,國內高爾夫球場,2425,333,2
548,中央銀行,新臺幣防偽辨識,2946,239,NA
549,中央銀行,準備貨幣,1866,202,1
550,中央銀行,全體貨幣機構存款,1991,210,NA
551,中央銀行,全體貨幣機構放款與投資(以原始取得成本衡量),2096,173,NA
552,中央銀行,中央銀行資產負債統計表,2569,255,NA
553,中央銀行,全體貨幣機構資產負債統計表,1582,129,NA
554,中央銀行,全體金融機構資產負債統計表,2183,167,NA
555,中央銀行,本國銀行資產負債統計表,2626,255,5
556,中央銀行,外國及大陸銀行在台分行資產負債統計表,2023,182,5
557,中央銀行,全體銀行存款餘額統計表（科目別）,2335,218,NA
558,中央銀行,全體銀行存款餘額統計表（存戶行業別）,2127,173,NA
559,中央銀行,全體銀行存款餘額統計表（存戶部門別）,2178,175,NA
560,中央銀行,全體銀行放款餘額統計表（科目別）,2808,220,NA
561,中央銀行,全體銀行放款餘額統計表（借戶部門別）,1616,143,NA
562,中央銀行,全體銀行放款餘額統計表（借戶行業別）,2630,207,1
563,中央銀行,全體銀行放款餘額統計表（額度別）,1931,138,NA
564,中央銀行,全體銀行放款餘額統計表（期限別）,1836,132,NA
565,中央銀行,消費者貸款及建築貸款餘額,5941,550,1.666666603
566,中央銀行,存放款加權平均利率,2582,183,3
567,中央銀行,五大銀行新承做放款金額與利率,1986,176,NA
568,中央銀行,國際收支統計-經常帳-商品,1583,124,NA
569,中央銀行,國際收支統計-經常帳-服務,1532,115,NA
570,中央銀行,國際收支統計-經常帳-初次所得,1900,130,NA
571,中央銀行,國際收支統計-經常帳-二次所得,1742,95,NA
572,中央銀行,國際收支統計-資本帳,2019,113,NA
573,中央銀行,國際收支統計-金融帳,1879,128,NA
574,中央銀行,國際收支統計-金融帳-直接投資,1817,139,NA
575,中央銀行,國際收支統計-金融帳-證券投資,1866,129,NA
576,中央銀行,國際收支統計-金融帳-衍生金融商品,1823,121,NA
577,中央銀行,國際收支統計-金融帳-其他投資,1836,113,NA
578,中央銀行,國際收支統計-準備資產,1931,143,NA
579,中央銀行,我國與主要貿易對手通貨對美元之匯率,4284,314,5
580,國家發展委員會,政府資料開放平臺資料集清單,39733,9159,3.277777863
581,國家發展委員會,政府資料開放平臺資料集清單,39733,9159,3.277777863
582,行政院主計總處,戶數五等分位組之平均每戶可支配所得、消費支出及儲蓄,5775,574,NA
583,行政院主計總處,戶數五等分位組之所得分配比與所得差距,5529,659,2
584,行政院主計總處,政府對家庭移轉收支對所得分配之影響,2358,193,NA
585,公平交易委員會,公平會101年處分事業統計-按違法行為別分,1634,122,NA
586,經濟部工業局,登記工廠名錄,41544,4677,3.176470566
587,台灣電力股份有限公司,台電服務據點相關資訊,5648,408,NA
588,國家災害防救科技中心,中央氣象局颱風暴潮預報資料,4744,621,4
589,行政院公共工程委員會,共同供應契約衛材藥品決標單價清單,2159,191,NA
590,行政院公共工程委員會,優先採購招標公告,2527,129,NA
591,行政院公共工程委員會,採購預告,4157,256,1
592,行政院公共工程委員會,連帶保證廠商,2541,167,NA
593,行政院公共工程委員會,政府電子採購網採購標的分類,6210,513,3
594,行政院公共工程委員會,大宗資材之H型鋼價格調查,33597,4030,3.157894707
595,行政院公共工程委員會,大宗資材之鋼板價格調查,11469,916,1.666666603
596,行政院公共工程委員會,大宗資材之瀝青混凝土價格調查,12112,770,2.42857151
597,行政院公共工程委員會,工程技術顧問商業同業公會通訊,1884,145,NA
598,行政院公共工程委員會,技師公會通訊,1931,171,NA
599,國家通訊傳播委員會,電信工程業業者名單,3338,378,5
600,行政院主計總處,101年度中央政府總決算歲入歲出簡明比較分析表,1884,145,NA
601,行政院主計總處,101年度中央政府總決算收支簡明比較分析表,1745,108,NA
602,行政院主計總處,101年度中央政府總決算歲入來源別決算總表,1963,110,NA
603,行政院主計總處,101年度中央政府總決算歲出政事別決算總表,1814,99,NA
604,行政院主計總處,101年度中央政府總決算歲出機關別決算總表,1460,101,NA
605,行政院主計總處,家庭消費支出結構按消費型態分,9099,1755,2.25
606,行政院主計總處,102年度收支簡明比較分析表,1633,128,NA
607,行政院主計總處,102年度歲入來源別預算比較總表,1675,108,NA
608,行政院主計總處,102年度歲出政事別預算總表,1432,128,NA
609,行政院主計總處,102年度歲出機關別預算總表,1491,116,1
610,行政院主計總處,102年度各機關歲出一級用途別科目分析總表,1708,110,NA
611,行政院主計總處,102年度各機關歲出二級用途別科目分析總表,1611,111,NA
612,行政院主計總處,102年度歲出按職能及經濟性綜合分類表,1785,104,NA
613,經濟部國營事業委員會,經濟部所屬事業提供民眾參觀遊憩之園館廠區,3799,426,5
614,行政院主計總處,102年度基金別預算分析表,1529,117,NA
615,公平交易委員會,公平會101年結合案統計,1948,126,NA
616,公平交易委員會,公平會101年不禁止結合案件統計,1478,113,NA
617,公平交易委員會,公平會101年事業申請聯合行為許可型態統計,1448,122,NA
618,公平交易委員會,公平會101年仍具效力之聯合行為許可案,1353,107,NA
619,公平交易委員會,公平會101年主動調查案處理結果統計,1579,119,NA
620,公平交易委員會,公平會101年主動調查案件處分概況-按違反公平交易法行為別分,1535,106,NA
621,公平交易委員會,公平會101年處分案件統計-按違法行為別分,1636,124,NA
622,公平交易委員會,公平會101年處分案之行業別結構,1482,111,NA
623,經濟部,工業生產,4670,2763,NA
624,勞動部勞動力發展署,公告修正「申請聘僱外國人從事家庭看護工作之專業評估被看者醫療機構」,3314,279,NA
625,勞動部勞動力發展署,外勞轉換雇主資料,2604,361,NA
626,勞動部勞動力發展署,多元就業開發方案計畫提案說明會資訊,2586,236,NA
627,勞動部勞動力發展署,就業好伙伴電子報月刊,2614,314,NA
628,勞動部勞動力發展署,就業安全半年刊,7435,542,3
629,勞動部勞動力發展署,勞動力發展署業務報告,2357,380,1
630,勞動部勞動力發展署,勞動部勞動力發展署所屬分署自辦在職訓練課程資訊,6127,567,3.6
631,勞動部勞動力發展署,公立職訓中心自辦職業訓練課程開班資訊,4898,355,2.25
632,勞動部勞動力發展署,訓練品質評核顧問及教育訓練講師名單,2034,222,NA
633,勞動部勞動力發展署,國家訓練品質獎,2006,307,NA
634,勞動部勞動力發展署,仲介本國人在國內工作之私立就業服務機構資料,2563,303,3.666666794
635,勞動部勞動及職業安全衛生研究所,所有採樣分析參考方法之目錄,4901,724,3.5
636,勞動部勞動及職業安全衛生研究所,勞工安全衛生簡訊,6377,420,NA
637,勞動部勞動及職業安全衛生研究所,勞工安全衛生技術叢書,4917,385,NA
638,勞動部,勞教e網勞動教育相關活動訊息,2593,447,NA
639,勞動部職業安全衛生署,勞工體格及健康檢查認可醫療機構,138216,21880,2.735294151
640,國家通訊傳播委員會,國家通訊傳播委員會職員性別/學歷統計報表,1827,192,NA
641,國家通訊傳播委員會,國家通訊傳播委員會職員性別/考試情形統計報表,1809,147,NA
642,國家通訊傳播委員會,國家通訊傳播委員會職員、各官等人員性別統計表,1677,158,NA
643,國家通訊傳播委員會,國家通訊傳播委員會正式編制內職員性別/官等統計,1879,142,NA
644,國家通訊傳播委員會,國家通訊傳播委員會訴願業務統計,1959,149,NA
645,教育部青年發展署,青年旅遊卡資訊,5641,479,NA
646,財政部南區國稅局,財政部頒訂製造業原物料耗用通常水準最新適用年度,14394,1893,3.333333206
647,行政院主計總處,中央政府總預算101年度法定預算附屬單位預算綜計表(債務基金),1422,101,NA
648,行政院主計總處,中央政府總預算101年度法定預算附屬單位預算綜計表(特別收入基金),1423,109,NA
649,行政院主計總處,中央政府總預算101年度法定預算附屬單位預算綜計表(資本計畫基金),1365,98,NA
650,行政院主計總處,人力資源調查非勞動力人數,4625,249,3
651,行政院主計總處,人力資源調查勞動力參與率,3966,242,4.5
652,行政院主計總處,人力資源調查失業率,6232,870,3
653,行政院主計總處,人力資源調查失業者之失業原因,2702,314,5
654,行政院主計總處,人力資源調查非勞動力之未參與勞動原因,2552,246,5
655,行政院主計總處,人力資源調查縣市別失業率,10144,1555,3.75
656,行政院主計總處,101年度中央政府總決算附屬單位決算及綜計表(營業部分),1707,122,NA
657,勞動部勞動及職業安全衛生研究所,勞工安全衛生研究季刊,3253,347,3.5
658,勞動部,勞教e網課程,3357,450,NA
659,勞動部職業安全衛生署,年度職災案例彙編,6584,1325,3
660,勞動部,初任人員平均經常性薪資,16321,3531,2.083333397
661,勞動部,受僱員工人數、平均薪資-礦業及土石採取業(按職類別分),12188,3270,2.85714283
662,金融監督管理委員會,公開發行公司股票發行概況統計表,16001,2487,4.333333206
663,金融監督管理委員會,上市公司資本變動統計表,3498,679,NA
664,金融監督管理委員會,上櫃公司資本變動統計表,2892,402,NA
665,金融監督管理委員會,興櫃股票發行及資本變動統計表,2295,336,NA
666,金融監督管理委員會,債券發行概況表,2320,451,2.5
667,金融監督管理委員會,公開發行公司海外有價證券發行概況統計表,1828,299,NA
668,金融監督管理委員會,集中市場認購(售)權證發行概況統計表,3663,445,5
669,金融監督管理委員會,證券投資信託基金發行概況表-依基金類型分類,2273,367,NA
670,金融監督管理委員會,證券投資信託基金發行概況表-依基金投資標的分類,2387,449,NA
671,金融監督管理委員會,證券投資信託基金發行概況表-境外基金國人投資概況,2352,409,4
672,金融監督管理委員會,集中市場證券總成交值概況表,2490,529,NA
673,金融監督管理委員會,店頭市場證券總成交值概況表,2636,394,NA
674,金融監督管理委員會,集中市場股票交易概況表,4577,910,NA
675,金融監督管理委員會,店頭市場股票交易概況表,2241,435,1.5
676,金融監督管理委員會,外資投入我國股市概況表,12026,3223,3.538461685
677,金融監督管理委員會,證券服務事業家數統計表,5534,741,NA
678,金融監督管理委員會,證券商之資產總額、資本、淨值、損益、資產報酬率及淨值報酬率之比較,3598,573,2.333333397
679,金融監督管理委員會,國人從事國外期貨交易統計表,2467,478,2
680,金融監督管理委員會,期貨信託基金發行概況表－依基金投資標的分類,2200,277,NA
681,經濟部商業司,商業設立登記清冊(月份),13974,4919,3.333333206
682,經濟部商業司,商業變更登記清冊(月份),5869,2366,4.666666794
683,經濟部商業司,商業歇業登記清冊(月份),8546,3683,4.666666794
684,財政部統計處,全國賦稅收入實徵淨額日曆年別-按稅目別分,3431,385,5
685,教育部體育署,體育基金會,3990,269,1.5
686,教育部體育署,亞奧運運動單項協會,1722,155,1.5
687,教育部體育署,各縣市體育會,2044,175,1.666666603
688,教育部青年發展署,青年志工中心名錄,1818,210,NA
689,教育部青年發展署,青年工讀、見習及競賽活動訊息,2098,138,NA
690,國立臺灣藝術教育館,國立臺灣藝術教育館最新消息,1566,169,NA
691,國立臺灣藝術教育館,國立臺灣藝術教育館表演活動,1668,166,NA
692,國立臺灣藝術教育館,國立臺灣藝術教育館展覽活動,1708,150,NA
693,國立臺灣藝術教育館,國立臺灣藝術教育館競賽活動,1594,146,NA
694,勞動部勞動力發展署,跨國人力仲介公司許可名冊,12950,1534,2.666666603
695,勞動部勞動力發展署,國外人力仲介公司認可名冊,4205,513,2.75
696,勞動部勞動及職業安全衛生研究所,生物偵測分析方法資料庫,3717,379,4.333333206
697,勞動部職業安全衛生署,工作守則備查名冊,9455,681,4
698,勞動部職業安全衛生署,安衛單位(人員)備查名冊,4919,425,1
699,勞動部職業安全衛生署,危險性機械設備型式檢查合格製造人名冊,6175,977,3.75
700,行政院主計總處,空氣污染排放帳,2267,211,4.5
701,行政院主計總處,國民所得統計-經季節調整之國內生產毛額依支出分-季,4409,548,5
702,行政院主計總處,國民所得統計-固定資本形成毛額-季,20019,4434,4
703,行政院主計總處,國民所得統計-國內各業生產及平減指數-季,2586,292,4
704,行政院主計總處,國民所得統計-國內生產毛額貢獻度-依行業分-季,5577,719,2
705,行政院主計總處,國民所得統計-國內生產及要素所得-年,2643,228,NA
706,經濟部中央地質調查所,一百萬分之一臺灣區域地質圖數值檔-臺灣,4329,494,5
707,經濟部中央地質調查所,二十五萬分之一臺灣區域地質圖數值檔-臺灣,11241,1361,1.8
708,經濟部中央地質調查所,順向坡分布圖(該圖資為地質調查所研究成果，其調查範圍尚未涵蓋全台灣，現階段僅供參考),22430,2997,2.57142849
709,經濟部中央地質調查所,活動斷層分布圖,15133,1941,3.375
710,國家發展委員會,都市及區域發展統計彙編 ─ 2-5.房屋營建工程面積-使用執照,2376,180,NA
711,國家發展委員會,都市及區域發展統計彙編 ─ 2-5.房屋營建工程面積-建照執照,2051,183,NA
712,國家發展委員會,都市及區域發展統計彙編 ─ 2-6. 工業區開發,2260,225,NA
713,行政院環境保護署,河川水質季監測資料,2882,945,NA
714,臺灣省諮議會,臺灣省諮議會會館房間租用資訊,2460,161,3
715,臺灣省諮議會,臺灣省諮議會會議室場地租用資訊,2860,186,NA
716,財政部關務署,關務署轄區報關業者名冊,10284,1454,3
717,財政部關務署,關務署轄區運輸業者名冊,2988,353,2
718,財政部關務署,關稅及代徵收入,2089,206,NA
719,財政部關務署,ECFA早期收穫減讓關稅統計表,3896,232,NA
720,財政部關務署,每旬報關匯率,17029,743,4.333333206
721,財政部關務署,關稅配額進口貨物數量與價值統計表,3418,260,NA
722,財政部關務署,與我國簽訂自由貿易協定國家貨品統計,2630,191,NA
723,財政部關務署,入境旅客攜帶自用農畜水產品菸酒限量表,1979,150,NA
724,財政部關務署,農產品實施特別防衛措施基準數量表,3709,206,NA
725,財政部關務署,稅則預先審核案例,5786,308,5
726,財政部國有財產署,歷年接管土地及房屋數量統計,3388,225,NA
727,財政部國有財產署,歷年辦理勘查分割土地數量統計,1851,125,NA
728,財政部國有財產署,歷年自行申辦未登記土地測量登記數量統計,2109,149,NA
729,財政部國有財產署,歷年國有土地數量統計,3208,353,NA
730,財政部國有財產署,歷年國有非公用不動產撥用數量統計,2254,152,1
731,財政部國有財產署,歷年處理被占用國有非公用土地數量統計,3464,167,NA
732,財政部國有財產署,歷年國有非公用不動產出租統計,2453,181,3
733,財政部國有財產署,歷年有償處分國有非公用土地統計,2980,232,NA
734,財政部國有財產署,歷年與中央或地方主管機關合作或委託辦理國有土地改良利用案件統計,2896,316,5
735,財政部國有財產署,歷年設定地上權案件統計,3177,350,1
736,國立臺灣藝術教育館,國立臺灣藝術教育館研習活動,1572,136,NA
737,國家圖書館,臺灣出版新書預告書訊,8961,1045,5
738,蒙藏委員會,蒙古檢察官司法研習班統計表,1838,134,NA
739,蒙藏委員會,蒙古法官司法研習班統計表,1487,125,NA
740,蒙藏委員會,蒙古警察警政研習班統計表,1626,118,NA
741,蒙藏委員會,蒙藏文物展覽參觀人數統計表,1896,123,NA
742,蒙藏委員會,蒙藏籍學生蒙藏語文班上課人數統計表,1560,106,NA
743,蒙藏委員會,蒙藏文化中心臉書瀏覽人數統計表,1673,128,NA
744,蒙藏委員會,蒙藏委員會性別年齡統計表,1492,117,NA
745,蒙藏委員會,最新蒙藏重要訊息,1366,124,NA
746,財政部統計處,各級政府歲入歲出淨額、餘絀及融資,3891,320,3
747,財政部統計處,全國賦稅預算數-按稅目別分,2852,253,4
748,財政部統計處,全國賦稅收入實徵淨額日曆年別-按稅目別與機關別分,3419,428,1
749,財政部統計處,全國賦稅收入實徵淨額日曆年別-按稅目別與地區別分,3732,533,NA
750,財政部統計處,全國賦稅收入實徵淨額日曆年別-按直接稅與間接稅分,2217,252,NA
751,財政部統計處,賦稅負擔率(不含社會安全捐)-按國家別分,3432,342,NA
752,財政部國庫署,中央政府近三年度財政收支結構分析表,2043,175,NA
753,財政部國庫署,中央普通統籌分配稅款分配情形表,17643,458,3.75
754,財政部國庫署,公益彩券營業報告書簡表,4768,1818,NA
755,財政部國庫署,中央政府債務未償餘額占國內生產毛額百分比,2760,268,NA
756,交通部公路總局,全國大客車禁行路段,14043,1263,2.71428566
757,行政院主計總處,人力資源調查15歲以上民間人口,3315,384,NA
758,行政院主計總處,人力資源調查勞動力人數,2863,285,3
759,行政院主計總處,人力資源調查就業人數,2169,317,1
760,行政院主計總處,人力資源調查失業人數,2984,368,2.5
761,行政院主計總處,國民所得統計-常用資料-季,4166,751,2.666666603
762,行政院主計總處,國民所得統計-平均每人統計結果-季,3440,375,5
763,行政院主計總處,國民所得統計-國內生產毛額依支出分-季(1981以後),5090,973,1.2
764,行政院主計總處,國民所得統計-民間消費-季,4751,341,1.5
765,行政院主計總處,國民所得統計-國內生產毛額貢獻度-依支出分-季,4032,424,5
766,行政院主計總處,國民所得統計-存貨變動-年,2357,199,2
767,行政院主計總處,101年度中央政府總預算附屬單位預算及綜計表-營業部分,1716,150,NA
768,行政院主計總處,102年度歷年各級政府淨收支概況表,2883,225,NA
769,行政院主計總處,102年度歷年中央政府收支概況表,2079,212,5
770,行政院主計總處,中央政府總預算101年度法定預算附屬單位預算綜計表(作業基金),1345,98,NA
771,行政院公共工程委員會,近1年工程採購得標50件以上廠商名單,2324,164,NA
772,行政院公共工程委員會,近1年工程採購廠商得標50件以上且於同一機關得標10件以上之廠商及機關名單,2045,127,NA
773,行政院公共工程委員會,品管訓練代訓機構一覽表,1520,154,NA
774,行政院公共工程委員會,品管班開班預告表,3639,233,3
775,行政院公共工程委員會,回訓班開班預告表,1597,120,NA
776,行政院公共工程委員會,一億元以上公共建設計畫各主辦機關年度預算執行情形統計表,1939,127,NA
777,行政院公共工程委員會,一億元以上公共建設計畫各部會年度預算執行情形統計表,2140,179,NA
778,行政院公共工程委員會,復建工程執行進度,2041,158,NA
779,行政院公共工程委員會,工程技術顧問公司登記分縣市統計表,1684,168,NA
780,行政院公共工程委員會,大宗資材之砂石價格調查,10728,1006,3.14285717
781,行政院公共工程委員會,大宗資材之混凝土價格調查,6002,729,3
782,行政院公共工程委員會,大宗資材之鋼筋價格調查,16741,1366,3.555555725
783,行政院公共工程委員會,一億元以上公共建設計畫各計畫執行情形一覽表,2356,151,NA
784,行政院公共工程委員會,一億元以上公共建設計畫預算執行情形統計表,3031,254,NA
785,國家通訊傳播委員會,電波監測站位置,3472,249,NA
786,國家通訊傳播委員會,廣播電視內容裁處件數及金額統計表,1606,163,NA
787,國家通訊傳播委員會,綜合網路業務業者名單,1814,232,NA
788,國家通訊傳播委員會,行動電話業者名單,2236,286,NA
789,國家通訊傳播委員會,第三代行動通信業者名單,1748,217,NA
790,國家通訊傳播委員會,數位式低功率無線電話業者名單,1696,242,NA
791,國家通訊傳播委員會,無線寬頻接取業務業者名單,1815,229,NA
792,臺南市政府,臺南市醫療院所,3265,363,5
793,臺南市政府,臺南市救護車資料,3320,333,3
794,臺南市政府,臺南市身心障礙牙科門診列表,2616,197,5
795,臺南市政府,臺南市衛生所列表,2277,247,5
796,臺南市政府,臺南市藥局列表,2798,256,5
797,臺南市政府,臺南市母乳哺餵室列表,3105,405,NA
798,國家圖書館,國家圖書館最新活動訊息,2886,411,4.6
799,國家圖書館,古籍書目資料,3770,279,NA
800,國軍退除役官兵輔導委員會,退輔會102年度訓練中心榮民(眷)職技訓練課程資訊,1970,135,NA
801,國軍退除役官兵輔導委員會,退輔會海外榮光聯誼會,2645,160,2
802,經濟部,批發、零售及餐飲業營業額,8139,1257,5
803,經濟部,資訊服務業、專業技術服務業、租賃業營業額,5267,476,5
804,經濟部,製造業投資及營運,5197,426,NA
805,經濟部,外銷訂單,3249,517,NA
806,經濟部,工廠校正營運(按行業別),6269,459,NA
807,經濟部,工廠校正營運(按縣市別),3765,416,NA
808,經濟部工業局,觀光工廠名錄,15299,1722,3.75
809,經濟部礦務局,已設權礦區狀態統計表,3058,509,2.25
810,經濟部礦務局,主要礦產品產銷量值表,5015,503,1.75
811,經濟部礦務局,礦產安全相關訓練明細表,2046,397,2.5
812,蒙藏委員會,在台蒙胞人數統計表,1774,112,NA
813,蒙藏委員會,蒙藏委員會收藏蒙藏ㄧ般文物統計表,1446,110,NA
814,蒙藏委員會,蒙藏委員會收藏蒙藏珍貴文物統計表,1434,114,NA
815,蒙藏委員會,蒙藏委員會輔導蒙藏族人口地域分布性別統計表,1905,144,NA
816,蒙藏委員會,蒙藏委員會輔導蒙藏族人口年齡層性別統計表,1737,144,NA
817,蒙藏委員會,蒙藏族輔導成果統計表,1727,129,NA
818,蒙藏委員會,蒙藏人才之培育及工作績效統計表,1569,129,NA
819,蒙藏委員會,蒙藏業務支出統計表,1506,128,NA
820,蒙藏委員會,蒙藏委員會辦理人民申請提供政府資訊案件統計表,1771,147,NA
821,蒙藏委員會,蒙藏委員會內部各委員會、任務編組及財團法人之性別統計表,1607,134,NA
822,蒙藏委員會,蒙藏委員會員工人數統計表,1752,123,NA
823,蒙藏委員會,蒙藏委員會內部訓練出席人數性別統計,1659,118,NA
824,蒙藏委員會,蒙藏委員會訓練及活動參加人數性別統計,1771,124,NA
825,國家通訊傳播委員會,第二類電信事業經營者名單,3362,311,NA
826,國家通訊傳播委員會,網路位址(IP)核發數量統計表,2560,332,NA
827,國家通訊傳播委員會,網域名稱(DN)註冊數量統計表,3409,301,5
828,國家通訊傳播委員會,有線電視系統業者名單,2636,197,NA
829,國家通訊傳播委員會,衛星頻道節目供應事業名單,1827,199,NA
830,國家通訊傳播委員會,直播衛星廣播電視服務事業名單,1558,169,NA
831,國家通訊傳播委員會,無線廣播事業一覽表,2499,234,NA
832,國家通訊傳播委員會,無線電視事業一覽表,1572,194,NA
833,國家通訊傳播委員會,廣播電視事業許可家數,1486,216,NA
834,國家通訊傳播委員會,有線廣播電視訂戶數,2259,305,NA
835,國家通訊傳播委員會,非E.164網路電話業者租用市話代表號表,2043,205,NA
836,國家通訊傳播委員會,行動通信學生優惠資費專案,2200,373,NA
837,國家通訊傳播委員會,行動通信基地臺共站共構統計表,2222,304,3
838,國家通訊傳播委員會,第二類電信業者發行預付式電信商品服務（禮券）查核結果,1537,95,NA
839,衛生福利部疾病管制署,地區年齡性別統計表-登革熱,7147,2264,3.666666794
840,衛生福利部疾病管制署,地區年齡性別統計表-腸病毒感染併發症,3802,1165,NA
841,衛生福利部疾病管制署,地區年齡性別統計表-結核病,3566,1100,3.5
842,衛生福利部疾病管制署,地區年齡性別統計表-桿菌性痢疾,2352,714,NA
843,衛生福利部疾病管制署,地區年齡性別統計表-阿米巴性痢疾,2388,741,5
844,衛生福利部疾病管制署,地區年齡性別統計表-HIV感染(含母子垂直感染疑似個案),2670,1018,4
845,衛生福利部疾病管制署,地區年齡性別統計表-後天免疫缺乏症候群,4114,1079,1.666666603
846,行政院主計總處,中央政府總預算100年度法定預算附屬單位預算綜計表(作業基金),1984,142,NA
847,行政院主計總處,中央政府總預算100年度法定預算附屬單位預算綜計表(債務基金),1747,112,NA
848,行政院主計總處,100年度中央政府總預算附屬單位預算及綜計表-營業部分,1983,137,NA
849,行政院主計總處,水污染排放帳,2193,162,NA
850,行政院主計總處,一般廢棄物排放帳,1892,156,NA
851,行政院主計總處,中央政府總預算100年度法定預算附屬單位預算綜計表(特別收入基金),1495,111,NA
852,行政院主計總處,中央政府總預算100年度法定預算附屬單位預算綜計表(資本計畫基金),1457,102,NA
853,行政院主計總處,101年度中央政府總決算附屬單位決算及綜計表(作業基金),1520,134,NA
854,行政院主計總處,101年度中央政府總決算附屬單位決算及綜計表(債務基金),1493,116,NA
855,行政院主計總處,101年度中央政府總決算附屬單位決算及綜計表(特別收入基金),1710,108,NA
856,行政院主計總處,101年度中央政府總決算附屬單位決算及綜計表(資本計畫基金),1515,121,NA
857,國立故宮博物院,第3批書畫類文物後設資料,1857,127,NA
858,國立故宮博物院,第4批書畫類文物後設資料,1839,125,NA
859,國立故宮博物院,第5批書畫類文物後設資料,1773,113,NA
860,國立故宮博物院,第6批書畫類文物後設資料,1759,107,NA
861,國立故宮博物院,第7批書畫類文物後設資料,1498,118,NA
862,國立故宮博物院,第4批器物類文物後設資料,1715,104,NA
863,國立故宮博物院,第5批器物類文物後設資料,2256,113,NA
864,國立故宮博物院,第6批器物類文物後設資料,1855,108,NA
865,國立故宮博物院,第7批器物類文物後設資料,1912,98,NA
866,國立故宮博物院,第8批器物類文物後設資料,1775,107,NA
867,國立故宮博物院,第9批器物類文物後設資料,1640,97,NA
868,國立故宮博物院,第10批器物類文物後設資料,1560,110,NA
869,國立故宮博物院,第11批器物類文物後設資料,1310,105,NA
870,國立故宮博物院,第12批器物類文物後設資料,1353,106,NA
871,國立故宮博物院,第13批器物類文物後設資料,1607,155,NA
872,國立故宮博物院,第14批器物類文物後設資料,1240,107,NA
873,國立故宮博物院,第15批器物類文物後設資料,1539,131,NA
874,國立故宮博物院,第16批器物類文物後設資料,1477,103,NA
875,國立故宮博物院,第17批器物類文物後設資料,1396,115,NA
876,公平交易委員會,公平會101年處分案件-按違法行為別分,1338,121,NA
877,公平交易委員會,公平交易委員會101年被撤銷處分案件-按涉法行為別分,1606,116,NA
878,公平交易委員會,公平交易法訴願案件處理結果統計(至101年),1568,126,NA
879,公平交易委員會,公平交易委員會至101年止多層次傳銷事業報備概況,1408,124,NA
880,公平交易委員會,公平交易委員會101年止多層次銷事業分布,1214,115,NA
881,公平交易委員會,公平交易委員會101年多層次傳銷事業業務檢查概況,1767,125,NA
882,公平交易委員會,公平交易委員會101年業務檢查不合規定統計-按原因別分,1516,120,NA
883,公平交易委員會,公平會101年非法多層次傳銷行為統計－按違反公平交易法條文別分,1449,107,NA
884,公平交易委員會,公平會101年多層次傳銷處分案件－按違反多層次傳銷管理辦法條文別分,1493,105,NA
885,公平交易委員會,公平會101年委員會議提案概況,1525,111,NA
886,公平交易委員會,公平會101年審議案－按性質別統計,5227,133,NA
887,公平交易委員會,公平會101年委員會議使用時間統計,1473,120,NA
888,公平交易委員會,公平會101年服務中心服務項目統計,1313,117,NA
889,公平交易委員會,公平會101年地方主管機關協辦業務統計,1785,119,NA
890,公平交易委員會,公平會101年公平交易法宣導概況,1767,120,NA
891,交通部,道路交通安全新聞,3104,643,3
892,交通部,道路交通安全文宣品,2495,142,NA
893,交通部,道路交通安全專題文章,2804,152,5
894,交通部,道路交通安全教材,2256,155,NA
895,交通部,道路交通標誌暨規定,2247,173,NA
896,交通部公路總局,全國大客車行駛應特別注意路段,2933,400,5
897,財政部統計處,進出口貨品別貿易值－按貿易結構分類,2879,332,NA
898,財政部國庫署,中央政府財政收支狀況,2263,307,NA
899,財政部國庫署,中央政府近10年庫款領取方式統計表,2769,212,5
900,財政部國庫署,進口菸酒生產國家別數量表,2292,238,NA
901,衛生福利部社會救助及社工司,災民收容所,22252,2299,3.217391205
902,衛生福利部食品藥物管理署,常見濫用管制藥品資料集,9856,499,2.333333397
903,衛生福利部食品藥物管理署,PIC/S GMP藥廠名單資料集,29701,11971,4.25
904,衛生福利部食品藥物管理署,回收藥品資料集,9369,484,4
905,衛生福利部食品藥物管理署,食品之動物用藥殘留標準,8650,422,NA
906,衛生福利部食品藥物管理署,違規食品廣告資料集,11009,6851,5
907,衛生福利部食品藥物管理署,餐飲業食品安全管制系統衛生評鑑證明廠商資料集,10325,477,5
908,衛生福利部食品藥物管理署,健康食品資料集,14976,8498,3.333333206
909,衛生福利部國民健康署,各縣市戒菸治療合約醫事機構數,2334,288,NA
910,衛生福利部國民健康署,健康數字123網站開放調查資料清單,2885,255,1
911,衛生福利部國民健康署,各縣市合約戒菸醫療院所,2635,493,NA
912,衛生福利部國民健康署,各縣市門診戒菸人數服務概況,3071,563,5
913,衛生福利部國民健康署,各縣市門診戒菸診次服務概況,2600,316,NA
914,衛生福利部國民健康署,醫療院所提供6項預防保健服務名單,2834,280,NA
915,衛生福利部國民健康署,健康促進醫院國際網絡會員名單,3186,246,NA
916,衛生福利部國民健康署,健康促進學校國際認證獲獎學校名單,2117,169,4
917,衛生福利部國民健康署,癌症診療品質認證結果名單,3263,274,NA
918,衛生福利部國民健康署,歷年出生性別比,4605,581,5
919,衛生福利部國民健康署,孕婦乙型鏈球菌篩檢補助服務方案_不收差額之特約院所名單,2770,243,NA
920,衛生福利部國民健康署,「孕婦乙型鏈球菌篩檢補助服務方案」特約院所名單,3100,227,NA
921,衛生福利部國民健康署,孕婦乙型鏈球菌醫事檢驗機構認證院所,2355,182,NA
922,文化部文化資產局,文資局歷史建築,3038,1000,1
923,文化部文化資產局,文資局聚落,1900,539,NA
924,文化部文化資產局,文資局遺址,3369,665,4
925,金融監督管理委員會,金融機構家數,6735,1064,5
926,金融監督管理委員會,金融機構國內總、分行放款餘額,3186,556,NA
927,金融監督管理委員會,信託投資及票券金融公司業務統計,2000,293,NA
928,金融監督管理委員會,金融機構發行金融卡及裝設ATM統計,9398,1524,3.75
929,金融監督管理委員會,信用卡業務統計,8230,1650,1.666666603
930,金融監督管理委員會,金融機構資產、淨值,4601,691,NA
931,金融監督管理委員會,金融機構損益概況,2819,453,NA
932,金融監督管理委員會,金融機構逾放比率,7274,1083,1
933,金融監督管理委員會,金融機構逾放金額,2260,327,NA
934,金融監督管理委員會,保險業資產占金融機構資產比率表(年報),5344,691,NA
935,金融監督管理委員會,保險業家數及其分支機構統計表(月報),6780,952,4.166666794
936,金融監督管理委員會,財產保險業保險賠款統計表(月報),3448,652,3
937,金融監督管理委員會,人身保險業保費收入統計表(月報),6767,783,4
938,金融監督管理委員會,人身保險業保險給付統計表(月報),4182,582,1
939,金融監督管理委員會,保險代理人業務統計表(年報),3448,572,NA
940,金融監督管理委員會,保險經紀人業務統計表(年報),7516,1280,3.833333206
941,金融監督管理委員會,保險公證人業務統計表(年報),2478,328,NA
942,金融監督管理委員會,強制汽機車責任保險統計表(年報),3331,409,1.5
943,金融監督管理委員會,住宅地震保險統計表(年報),2293,345,NA
944,國軍退除役官兵輔導委員會,臺北市榮民服務處公務電話一覽表,4930,167,2
945,國軍退除役官兵輔導委員會,新北市榮民服務處公務電話一覽表,4757,272,4.5
946,國軍退除役官兵輔導委員會,桃園縣榮民服務處公務電話一覽表,2894,130,NA
947,國軍退除役官兵輔導委員會,高雄市榮民服務處公務電話一覽表,2955,128,NA
948,國軍退除役官兵輔導委員會,基隆市榮民服務處公務電話一覽表,2469,141,NA
949,國軍退除役官兵輔導委員會,宜蘭縣榮民服務處公務電話一覽表,2414,171,NA
950,國軍退除役官兵輔導委員會,新竹榮民服務處公務電話一覽表,1717,135,5
951,國軍退除役官兵輔導委員會,苗栗縣榮民服務處公務電話一覽表,2539,180,NA
952,中央銀行,每日通貨發行數,2533,247,NA
953,中央銀行,國際收支統計-經常帳,2253,198,NA
954,內政部營建署,欖仁溪生態資料,2533,285,5
955,交通部臺灣鐵路管理局,鐵路票價,8307,1186,3
956,交通部臺灣鐵路管理局,鐵路里程,5760,891,5
957,臺南市政府,臺南市機車定檢站列表,2045,234,NA
958,臺南市政府,臺南市電動機車充電站列表,2308,178,NA
959,臺南市政府,臺南市病媒防治業者列表,2096,204,NA
960,臺南市政府,臺南市核准身障福利團體設置舊衣回收箱位置列表,3416,163,NA
961,臺南市政府,臺南市甲級廢棄物清除處理機構列表,2657,134,NA
962,臺南市政府,臺南市公廁列表,3012,350,4
963,衛生福利部國民健康署,兒童衛教指導服務補助方案特約院所名單,3104,222,1
964,公平交易委員會,公平會101年收辦及立案案件統計-按收辦及立案年月別分,1653,126,NA
965,公平交易委員會,公平會101年累計案件數及累計結案率統計,1778,126,NA
966,公平交易委員會,公平會101年檢舉案檢處理統計-按檢舉者及被檢舉者類別分,2045,143,NA
967,公平交易委員會,公平會101年檢舉案件處理統計-按檢舉者身分年別分,1941,135,NA
968,公平交易委員會,公平會101年檢舉案件處理統計-按被檢舉者身分年別分,2074,135,NA
969,公平交易委員會,申請聯合行為案件統計,3497,140,2
970,公平交易委員會,公平會101年申請聯合行為許可案件統計-按聯合行為型態分,1667,130,NA
971,公平交易委員會,公平會101年結合案件統計,1915,133,NA
972,公平交易委員會,公平會101年結合許可或不禁止結合案件統計-按結合態樣別分,1868,134,NA
973,公平交易委員會,公平會101年請釋案件處理統計-按結案年月別分,2847,141,NA
974,教育部青年發展署,青年壯遊點資訊,4994,657,2.5
975,僑務委員會,海外青年技術訓練班實到學生人數(按校別分)統計,1889,128,NA
976,僑務委員會,海外華裔青年臺灣觀摩團人數(按僑居地別分)統計,1569,122,NA
977,僑務委員會,海外華裔青年語文研習班辦理情形統計,1753,133,NA
978,僑務委員會,海外僑商經貿活動參加人數--按地區及參加類別分,1984,145,NA
979,僑務委員會,華僑熱心公益自動捐獻金額,1613,141,NA
980,僑務委員會,海外各地華僑文教服務中心服務績效統計—依活動類別區分,2215,143,5
981,僑務委員會,海外辦理各項節慶活動統計表,1567,123,5
982,僑務委員會,海外僑商各項會議參加人數—按年別分,2093,126,NA
983,僑務委員會,歷屆亞洲華僑、華人聯誼會資料,2078,148,5
984,僑務委員會,歷屆非洲華僑、華人聯誼會資料,1844,126,5
985,僑務委員會,世界臺灣商會聯合總會及各分會分布情形,1907,125,NA
986,僑務委員會,「愛臺十二建設-綠色造林」植栽統計,2337,160,NA
987,僑務委員會,「海外僑胞百校植樹愛臺灣計畫」植栽統計,1555,124,NA
988,僑務委員會,世界暨洲際臺灣商會聯合總會會議概況,1906,136,NA
989,僑務委員會,台灣宏觀電視自製節目數量統計,2436,175,NA
990,僑務委員會,歷年大洋洲華僑團體聯合會,2023,131,5
991,僑務委員會,歷年海外僑社工作研討會,1666,122,3.5
992,僑務委員會,海外社教活動歷年補助統計資料,1922,148,NA
993,僑務委員會,海外青少年夏(冬)令營巡迴教學參加人數,1784,130,NA
994,僑務委員會,遴派文教教師赴海外巡迴教學情形,2039,137,NA
995,交通部中央氣象局,潮汐預報-未來1個月潮汐預報,5605,611,5
996,交通部鐵路改建工程局,鐵道辭典,4979,376,2.833333397
997,交通部公路總局,省道里程座標,22992,5831,3.733333206
998,國立故宮博物院,第18批器物類文物後設資料,1691,112,NA
999,國立故宮博物院,第8批書畫類文物後設資料,1190,122,NA
1000,國立故宮博物院,第9批書畫類文物後設資料,1541,105,NA
1001,國立故宮博物院,第10批書畫類文物後設資料,1683,103,5
1002,國立故宮博物院,第11批書畫類文物後設資料,1588,120,NA
1003,國立故宮博物院,第12批書畫類文物後設資料,1986,101,NA
1004,國立故宮博物院,第13批書畫類文物後設資料,1689,125,NA
1005,國立故宮博物院,第14批書畫類文物後設資料,1728,117,NA
1006,國立故宮博物院,第15批書畫類文物後設資料,1223,128,NA
1007,國立故宮博物院,第16批書畫類文物後設資料,1407,110,NA
1008,國立故宮博物院,第17批書畫類文物後設資料,1634,127,NA
1009,民政司,殯葬設施,4471,1186,3
1010,民政司,禮儀服務業合法業者,4355,524,NA
1011,民政司,縣市議員,6499,399,2.5
1012,民政司,直轄市議員,3693,369,5
1013,民政司,鄉鎮市民代表,3282,306,NA
1014,民政司, 直轄市長,2823,274,NA
1015,民政司,縣市長,2783,253,NA
1016,民政司,鄉鎮市長,2832,347,NA
1017,民政司,區長,2570,364,1
1018,民政司,村里長,4804,735,3
1019,民政司,村里幹事,6026,528,2
1020,地政司,地名譯寫資料,3064,420,NA
1021,消防署,消防機關水域救援統計,3955,480,NA
1022,消防署,消防安全設備檢修專業機構,8371,533,4
1023,消防署,滅火器藥劑更換及充填合格廠商,2835,264,1
1024,消防署,消防專業技術人員,2392,268,2.5
1025,消防署,消防安全檢查重大不合格場所,4910,563,3.333333206
1026,消防署,爆竹煙火製造儲存場所一覽表,3418,323,NA
1027,訴願委員會,訴願業務收結案統計,2524,337,5
1028,技術處,業界開發產業技術計畫補助計畫,2381,327,5
1029,經濟部工業局,電動車輛Easy Go-全台電動機車充電站及維修站位置,5030,494,5
1030,經濟部工業局,電動車輛Easy Go-全台電動汽車租賃據點及充電站位置,6174,603,4
1031,經濟部投資審議委員會,外國人投資-國內被投資事業清冊,9878,854,2.666666603
1032,經濟部投資審議委員會,上市櫃公司對外投資事業名錄,7866,720,5
1033,經濟部投資審議委員會,上市櫃公司赴中國大陸投資事業名錄,7870,664,4
1034,經濟部標準檢驗局,應施檢驗/查驗品目資料,2369,266,4
1035,經濟部標準檢驗局,法定度量衡品目資料,2521,349,NA
1036,交通部高速鐵路工程局,高鐵時刻表,17301,2095,3.4
1037,國家發展委員會,政府機關唯一識別代碼(OID),10351,3474,3.333333206
1038,國家發展委員會,機關施政績效評估報告,5449,3729,5
1039,行政院大陸委員會,臺灣對澳門貿易統計表,2215,321,3
1040,行政院海岸巡防署,行政院海岸巡防署海巡服務座談,2029,113,NA
1041,行政院海岸巡防署,海巡機關車輛圖片,1942,128,NA
1042,行政院海岸巡防署,行政院海岸巡防署「委託研究」,1395,131,NA
1043,行政院海岸巡防署,行政院海岸巡防署熱點查詢,1567,122,NA
1044,行政院海岸巡防署,本署各安檢所及海巡隊地址,12981,508,1
1045,行政院海岸巡防署,機關檔案管理結果,1469,111,NA
1046,行政院海岸巡防署,鐵馬驛站據點資訊,2519,271,3
1047,行政院海岸巡防署,國家賠償事件處理情形統計,1728,129,NA
1048,原住民族委員會,核定部落結果,2829,379,5
1049,原住民族委員會,原住民族部落調查-各縣市,3219,689,3
1050,原住民族委員會,原民溫泉介紹,3613,1333,5
1051,原住民族委員會,臺灣原住民族地方文化館,3496,1225,5
1052,原住民族委員會,原民相關博物館,3587,765,4
1053,原住民族委員會,原住民族樂團民間團體,2201,684,5
1054,原住民族委員會,原住民族特色工坊,3345,741,5
1055,原住民族委員會,原鄉住宿資訊,2707,958,4
1056,原住民族委員會,原住民族餐廳,4114,3226,5
1057,原住民族委員會,55個原住民族鄉鎮市區,5563,1470,3.666666794
1058,原住民族委員會,原民文學及出版品,2314,516,NA
1059,原住民族委員會,102年原住民族委員會單位預算補助地方政府情形,1948,268,NA
1060,原住民族委員會,102年補助團體私人情形,1796,260,NA
1061,原住民族委員會,原住民就業者從事的職業－按人口特性及地區分,2124,347,NA
1062,原住民族委員會,原住民族之商業清冊,1643,335,4
1063,原住民族委員會,原住民族之公司清冊,1919,310,NA
1064,原住民族委員會,臺灣原住民族產品拓銷據點,2027,304,NA
1065,原住民族委員會,原住民大專青年學生返鄉服務人數一覽表,1829,275,4
1066,原住民族委員會,原住民大專青年學生返鄉服務部落一覽表,1852,245,NA
1067,原住民族委員會,100年度原住民大專學生返鄉服務工作內容,1949,280,NA
1068,原住民族委員會,原民會歷年補助各縣市設置民族教育資源教室一覽表,1869,248,NA
1069,原住民族委員會,專為原住民族學生設置原住民族教育文化學生社團,1865,252,NA
1070,原住民族委員會,原住民勞動力參與率及失業率狀況,2310,458,NA
1071,原住民族委員會,原住民族社團或協會,1695,238,NA
1072,原住民族委員會,原住民族地區農特產,2078,354,NA
1073,原住民族委員會,原住民族手工藝,1800,555,NA
1074,原住民族委員會,原民特色景點,2354,917,5
1075,原住民族委員會,原民部落體驗,2640,786,NA
1076,原住民族委員會,部落圖書資訊站,2520,320,5
1077,原住民族委員會,原住民族相關法規,1756,239,NA
1078,原住民族委員會,原住民鄉鎮衛生所通訊錄,1933,267,NA
1079,原住民族委員會,102年原住民老人日間關懷站通訊錄,2940,386,NA
1080,原住民族委員會,102年度原住民族家庭暨婦女服務中心通訊錄,2481,351,NA
1081,原住民族委員會,99-101部落活力計畫成果,1632,267,4
1082,原住民族委員會,原住民就業者從事的行業－按人口特性及地區分,1634,296,NA
1083,原住民族委員會,原鄉旅遊路線,62400,4680,2.5
1084,原住民族委員會,經建處歷年補助原民產業,1933,306,5
1085,原住民族委員會,部落大學,2284,368,5
1086,原住民族委員會,原住民族工藝薪傳獎,2417,269,5
1087,原住民族委員會,原住民族工藝師標章,2029,916,5
1088,原住民族委員會,原住民族工藝精品,1622,254,5
1089,原住民族委員會,原住民藝術工作者駐村計畫錄取名單,3059,579,5
1090,原住民族委員會,部落學校,3091,370,4
1091,原住民族委員會,臺灣原住民族圖書資訊中心電子報目錄,1592,230,NA
1092,原住民族委員會,原住民族地區教會,1754,268,1
1093,原住民族委員會,原住民就業者的從業身分－按人口特性分,1400,245,NA
1094,原住民族委員會,原住民就業者的每月主要工作收入-按職業分,1820,248,NA
1095,原住民族委員會,原住民未參與勞動原因－按人口特性分,1631,228,NA
1096,原住民族委員會,原住民個人每月收入-按人口特性分,2022,321,5
1097,原住民族委員會,99-100年度台灣原住民族產品拓銷據點計畫-寄銷業者入選名單,1920,523,NA
1098,原住民族委員會,原住民族音樂專輯介紹,2455,633,1
1099,原住民族委員會,原住民族文獻會電子期刊,2217,328,NA
1100,原住民族委員會,原住民網路學院課程內容,2172,283,NA
1101,原住民族委員會,101年度原住民族生物多樣性傳統知識調查提案部落,1827,292,NA
1102,原住民族委員會,臺灣原住民族圖書資訊中心研究資源,1997,316,NA
1103,原住民族委員會,臺灣原住民族圖書資訊中心典藏書目,2228,342,NA
1104,原住民族委員會,台灣原住民族古道簡介資料,2901,525,3.333333206
1105,原住民族委員會,103年原住民地區觀光活動,2302,407,5
1106,國家通訊傳播委員會,請託關說登錄事件統計,1594,260,NA
1107,國家通訊傳播委員會,衛星固定通信業務業者名單,1682,211,NA
1108,國家通訊傳播委員會,通訊傳播之地區監理處每月查核取締統計,1665,171,NA
1109,國家通訊傳播委員會,地區監理處查驗統計表,1538,281,NA
1110,國家通訊傳播委員會,通訊傳播之地區監理處每月證照統計,1887,175,NA
1111,國家通訊傳播委員會,無線廣播事業核處資料,1671,261,NA
1112,國家通訊傳播委員會,無線電視事業核處資料,1708,252,NA
1113,國家通訊傳播委員會,衛星廣播電視事業核處資料,1822,259,NA
1114,國家通訊傳播委員會,電話號碼可攜服務,2128,317,NA
1115,國家通訊傳播委員會,市內網路業務業者名單,1985,276,NA
1116,國家通訊傳播委員會,虛擬行動網路服務經營者名單及其合作業者一覽表,2007,127,NA
1117,國家通訊傳播委員會,市內電話費率一覽表(含公用電話),1929,250,NA
1118,國家通訊傳播委員會,申請經營有線廣播電視業務規費收費標準,1528,125,NA
1119,國家通訊傳播委員會,寬頻上網帳號數,2308,359,NA
1120,國家通訊傳播委員會,號碼可攜網路識別碼核配現況,2381,221,NA
1121,國家通訊傳播委員會,市內交換機局碼核配現況,2611,276,NA
1122,國家通訊傳播委員會,行動網路識別碼核配現況,2444,238,NA
1123,國家通訊傳播委員會,撥號選接網路接取碼核配現況,1703,194,NA
1124,國家通訊傳播委員會,智慧虛擬碼核配現況,1840,201,NA
1125,國家通訊傳播委員會,第七號信號系統國內信號點碼核配現況,1771,126,NA
1126,國家通訊傳播委員會,行動通信網路業務用戶號碼核配現況,2238,202,NA
1127,國家通訊傳播委員會,E.164用戶號碼網路電話服務電信號碼核配現況,2175,139,NA
1128,國家通訊傳播委員會,電信特殊號碼核配現況,2163,217,NA
1129,國家通訊傳播委員會,無線電頻率使用費收費標準,2276,246,NA
1130,國立自然科學博物館,國立自然科學博物館劇場影片放映時間表,2064,189,NA
1131,國立科學工藝博物館,國立科學工藝博物館公共設施位置資訊,1876,170,NA
1132,國立科學工藝博物館,國立科學工藝博物館展示廳資訊,1823,147,NA
1133,國立科學工藝博物館,國立科學工藝博物館大銀幕電影資訊,1795,169,NA
1134,衛生福利部中醫藥司,「便捷貿e網」中藥材進口統計資料,5284,402,5
1135,衛生福利部國民健康署,慢性腎臟病健康促進機構名單,2509,188,NA
1136,衛生福利部國民健康署,糖尿病健康促進機構名單,2977,277,NA
1137,衛生福利部國民健康署,母嬰親善醫療院所名單,3295,395,2
1138,文化部,文化部藝文中心,2646,470,NA
1139,文化部,文化部創意園區,2366,481,NA
1140,文化部,文化部藝術村,2839,752,NA
1141,金融監督管理委員會,保險公司基本資料,3731,639,NA
1142,金融監督管理委員會,保險公司人力資源概況,5050,864,NA
1143,金融監督管理委員會,保險公司主要股東持股概況,2674,293,NA
1144,金融監督管理委員會,保險公司主要股東持股質押比例超過50%概況,2864,237,NA
1145,金融監督管理委員會,保險公司財務報表摘要,4032,471,4
1146,金融監督管理委員會保險局,壽險財務業務指標,4055,561,NA
1147,金融監督管理委員會保險局,產險財務業務指標,4090,403,4
1148,金融監督管理委員會,產險業務概況,4185,488,NA
1149,金融監督管理委員會,壽險業務概況,3405,529,4
1150,金融監督管理委員會,保險申訴統計,9514,816,4
1151,僑務委員會,華人金僑獎歷屆參賽影片統計資料,1956,166,NA
1152,僑務委員會,僑務委員會自製文宣短片數量統計,1882,148,NA
1153,僑務委員會,僑務委員會人民陳情案件統計,1961,201,NA
1154,國軍退除役官兵輔導委員會,臺中市榮民服務處公務電話一覽表,2703,253,NA
1155,國軍退除役官兵輔導委員會,南投縣榮民服務處公務電話一覽表,5763,209,NA
1156,國軍退除役官兵輔導委員會,雲林縣榮民服務處公務電話一覽表,1783,183,NA
1157,國軍退除役官兵輔導委員會,嘉義榮民服務處公務電話一覽表,2175,176,NA
1158,國軍退除役官兵輔導委員會,屏東縣榮民服務處公務電話一覽表,2961,273,NA
1159,國軍退除役官兵輔導委員會,花蓮縣榮民服務處公務電話一覽表,1935,177,NA
1160,國軍退除役官兵輔導委員會,澎湖縣榮民服務處公務電話一覽表,1591,168,NA
1161,國軍退除役官兵輔導委員會,金門縣榮民服務處公務電話一覽表,3005,182,NA
1162,國軍退除役官兵輔導委員會,退輔會武陵農場入門收費表,1864,295,NA
1163,國軍退除役官兵輔導委員會,退輔會武陵農場國民賓館本棟房價表,2430,201,NA
1164,國軍退除役官兵輔導委員會,退輔會武陵農場休閒農莊房價表,2184,267,NA
1165,國軍退除役官兵輔導委員會,退輔會武陵農場山水館房價表,2264,197,NA
1166,國軍退除役官兵輔導委員會,退輔會武陵農場露營位價目表,1609,183,NA
1167,國軍退除役官兵輔導委員會,退輔會武陵農場露營屋價目表,1594,189,NA
1168,國軍退除役官兵輔導委員會,退輔會福壽山農場露營區營位價目表,1946,198,NA
1169,國軍退除役官兵輔導委員會,退輔會福壽山農場客房價表,1487,170,3
1170,國軍退除役官兵輔導委員會,退輔會清境農場客房價表,1627,205,NA
1171,國軍退除役官兵輔導委員會,退輔會投資之民營公司資料,2121,283,NA
1172,國軍退除役官兵輔導委員會,退輔會福壽山農場入門收費表,1506,167,NA
1173,國軍退除役官兵輔導委員會,退輔會輔導就學榮民人數統計表,1900,198,NA
1174,國軍退除役官兵輔導委員會,退輔會輔導就學歷年榮民畢業人數統計表,1707,116,NA
1175,國軍退除役官兵輔導委員會,退輔會輔導就業榮民(眷)人數統計表,1877,207,NA
1176,國軍退除役官兵輔導委員會,退輔會附屬訓練機構職技訓練開訓人數統計表,1786,102,NA
1177,國軍退除役官兵輔導委員會,退輔會附屬訓練機構職技訓練結訓人數統計表,1559,114,NA
1178,國軍退除役官兵輔導委員會,退輔會就養榮民人數統計表,2432,240,NA
1179,國軍退除役官兵輔導委員會,板橋榮民之家處公務電話一覽表,4057,238,1
1180,國軍退除役官兵輔導委員會,佳里榮民之家公務電話一覽表,3210,276,NA
1181,國軍退除役官兵輔導委員會,花蓮榮民之家公務電話一覽表,8860,261,3
1182,行政院人事行政總處,行政院人事行政總處事求人機關徵才資料,75619,1885,3.322580719
1183,中央銀行,存款及其他各種負債準備金比率,1845,206,NA
1184,中央銀行,中央銀行同業資金調撥清算作業系統交易量,1672,219,5
1185,中央銀行,銀行間市場新臺幣對美元收盤匯率,7896,1591,5
1186,中央銀行,出進口外匯收支統計概況,2775,275,NA
1187,中央銀行,中央公債標售概況表,2500,239,NA
1188,中央銀行,國庫券標售概況表,2313,193,NA
1189,中央銀行,資金流量表,1833,199,NA
1190,中央銀行,金融性資產負債餘額表,3015,243,NA
1191,中央銀行,全體公營事業資產負債統計表,1798,191,NA
1192,中央銀行,全體民營企業資產負債統計表,1852,187,NA
1193,中央銀行,民營企業資產負債統計表(按各業大類別),1609,147,NA
1194,中央銀行,民營企業資產負債統計表(按大、中、小企業),2062,204,NA
1195,中央銀行,中央銀行公開市場操作資訊,1745,209,NA
1196,中央銀行,中央銀行標售定期存單資訊,2396,209,NA
1197,國立故宮博物院,第19批器物類文物後設資料,1697,142,NA
1198,國立故宮博物院,第20批器物類文物後設資料,1490,130,NA
1199,國立故宮博物院,第21批器物類文物後設資料,1947,126,NA
1200,國立故宮博物院,第22批器物類文物後設資料,1647,119,NA
1201,國立故宮博物院,第23批器物類文物後設資料,1855,150,NA
1202,國立故宮博物院,第24批器物類文物後設資料,2100,133,NA
1203,國立故宮博物院,第25批器物類文物後設資料,1605,130,NA
1204,國立故宮博物院,第26批器物類文物後設資料,1671,129,NA
1205,國立故宮博物院,第27批器物類文物後設資料,1993,120,NA
1206,國立故宮博物院,第28批器物類文物後設資料,1813,124,NA
1207,國立故宮博物院,第18批書畫類文物後設資料,2025,127,NA
1208,國立故宮博物院,第19批書畫類文物後設資料,1670,124,NA
1209,國立故宮博物院,第20批書畫類文物後設資料,1729,121,NA
1210,國立故宮博物院,第21批書畫類文物後設資料,1716,134,NA
1211,國立故宮博物院,第22批書畫類文物後設資料,1610,165,NA
1212,行政院農業委員會,培根社區,1921,338,4
1213,行政院公共工程委員會,公開閱覽公告,5354,485,3
1214,行政院公共工程委員會,公開徵求公告,4743,278,3
1215,行政院公共工程委員會,財物出租公告,3383,229,NA
1216,行政院公共工程委員會,財物變賣公告,4563,232,NA
1217,行政院公共工程委員會,與政府機關有巨額採購，且在履約期間之廠商名單,3098,297,NA
1218,行政院公共工程委員會,延遲付款案件主管機關排行榜,2348,218,1
1219,行政院公共工程委員會,全民督工案件主管機關處理排行榜,1829,185,NA
1220,行政院公共工程委員會,公共工程金質獎獲獎名單,2900,272,NA
1221,行政院公共工程委員會,PCCES預算書資訊文件-公路工程預算書,2139,195,4
1222,行政院公共工程委員會,PCCES預算書資訊文件-建築工程預算書,12445,1517,4
1223,行政院公共工程委員會,PCCES預算書資訊文件-橋樑工程預算書,2383,375,NA
1224,行政院農業委員會,植物疫情,3250,349,5
1225,行政院農業委員會,動物用藥資訊,6963,533,3.5
1226,行政院農業委員會,富麗農村,2147,285,4
1227,行政院農業委員會,漁業輿情,2086,317,5
1228,行政院農業委員會,農村市集資料,3363,390,NA
1229,行政院農業委員會,昆蟲標本館資料,2929,219,NA
1230,行政院農業委員會,土石流潛勢溪流資料,12549,1322,4
1231,行政院農業委員會,物種分布調查,2348,249,5
1232,行政院農業委員會,農藥名稱手冊,4112,354,5
1233,行政院農業委員會,土石流疏散避難圖,4982,527,4
1234,行政院農業委員會,農民學院,2197,237,NA
1235,行政院農業委員會,土石流警戒資料,7490,1085,2
1236,行政院農業委員會,農地空間圖(土壤調查),2562,353,4.5
1237,行政院農業委員會,航船佈告,2408,211,NA
1238,行政院農業委員會,農產品生產成本查詢,5291,543,2
1239,行政院農業委員會,樹木病蟲害資料,2648,226,2
1240,行政院農業委員會,農地空間圖(農地生產力等級),2010,332,1
1241,行政院農業委員會,植物品種權公告,2127,174,NA
1242,行政院農業委員會,農地空間圖(農地重要性等級),1667,176,NA
1243,行政院農業委員會,農村再生,2145,302,NA
1244,行政院農業委員會,農藥資料查詢,4858,503,3
1245,行政院農業委員會,農地空間圖(作物適栽等級圖),2877,271,NA
1246,行政院農業委員會,蔬果重要害蟲防疫旬報,1874,295,5
1247,行政院農業委員會,毛豬交易行情,5419,412,4.75
1248,行政院農業委員會,射擊通報,2339,290,4
1249,行政院農業委員會,植物標本館資料,2040,269,NA
1250,行政院農業委員會,漁產品交易行情,6753,641,3.333333206
1251,行政院農業委員會,家禽交易行情(養鵝協會當日行情),6247,388,4
1252,行政院農業委員會,病蟲害診斷服務問答集,1974,180,4
1253,行政院農業委員會,農情調查,5583,584,5
1254,行政院農業委員會,家禽交易行情(養鵝協會近期鵝價),3142,222,3
1255,行政院農業委員會,肥料管理整合資訊,13210,688,2
1256,行政院農業委員會,農業法規資訊,1856,198,NA
1257,行政院農業委員會,訴願案件進度查詢,1691,184,2
1258,行政院人事行政總處,行政院所屬中央及地方機關代碼,120533,9526,3.146341515
1259,交通部,交通新聞稿,2659,304,5
1260,交通部,交通部公告訊息,2336,175,NA
1261,交通部,交通部招標資訊,2570,201,NA
1262,臺灣港務股份有限公司,基隆港兩岸航線旅客船船期表,4044,361,4.5
1263,臺灣港務股份有限公司,基隆港國內線旅客船船期表,2779,340,NA
1264,國家發展委員會,基本設施補助計畫執行情形,3213,360,5
1265,行政院農業委員會,動物用藥生物藥品檢定之每月統計報表,2340,236,4
1266,警政署, 警察機關失物招領網路公告數位批次檔案,40181,2144,3.457143021
1267,警政署,警察機關網路公告拾得人領取拾得物數位批次檔案,4187,419,4.333333206
1268,警政署,拖吊保管場,5859,509,4
1269,警政署,測速執法設置點,23688,2319,3.538461685
1270,內政部營建署,房地產消費糾紛統計,4119,645,NA
1271,交通部觀光局,歷年來台旅客統計,10521,1496,2.6
1272,交通部觀光局,101年來台旅客居住國統計,3065,417,NA
1273,交通部觀光局,101年來台旅客來台目的統計,4535,532,2
1274,交通部觀光局,歷年中華民國國民出國目的地人數統計,7893,1221,1.666666603
1275,交通部觀光局,歷年國人出國按性別分析,2585,349,5
1276,交通部觀光局,101年國內主要遊憩據點遊客人數月別統計,4642,558,2
1277,交通部觀光局,歷年旅遊業導遊人員按性別分析,2381,239,NA
1278,行政院原子能委員會,核安管制紅綠燈績效指標燈號,3266,186,NA
1279,行政院原子能委員會,核安管制紅綠燈視察指標燈號,1739,131,NA
1280,行政院原子能委員會,核能電廠自動急停次數,2769,167,NA
1281,行政院原子能委員會,核能電廠異常事件次數,1796,153,NA
1282,行政院原子能委員會,核能電廠違規件數,1560,122,NA
1283,行政院原子能委員會,輻射偵測業者名單,1928,118,NA
1284,行政院原子能委員會,核能電廠低放射性廢棄物貯存現況,1799,130,NA
1285,行政院原子能委員會,核能電廠用過核子燃料貯存數量,1616,111,NA
1286,行政院原子能委員會,101年資訊公開案件統計,1560,113,NA
1287,行政院原子能委員會,101年本會1-12月性別比例統計,1932,119,NA
1288,行政院原子能委員會,中程施政計畫(99-102),1822,98,NA
1289,行政院原子能委員會,102年度施政計畫目標與重點,1760,110,NA
1290,行政院原子能委員會,102 年科技發展細部計畫,1785,102,NA
1291,行政院原子能委員會,近年科技發展計畫成果-101年,1807,101,NA
1292,行政院原子能委員會,原能會102年度核定之研究計畫,1378,100,NA
1293,行政院原子能委員會,原能會與國科會合作計畫-102年度研究重點,1773,102,NA
1294,行政院原子能委員會,近年委託研究計畫成果-101年,1733,114,NA
1295,行政院原子能委員會,原能會與國科會合作計畫-102年度核定之研究計畫,1571,113,NA
1296,行政院原子能委員會,101年度政府科技計畫績效評估報告清單,1658,113,NA
1297,行政院原子能委員會,103年度委託研究計畫預告,1650,118,NA
1298,行政院原子能委員會,本會大樓導覽,1521,128,NA
1299,行政院原子能委員會,核能電廠最近10年固化低放射性廢棄物產量,2101,169,NA
1300,行政院原子能委員會,本會場地設施使用規費,1741,119,NA
1301,行政院原子能委員會,核子反應器設施監查機構,1562,131,NA
1302,行政院原子能委員會,核能同級品檢證機構,2306,151,NA
1303,行政院原子能委員會,申請許可、登記備查或申請核發證照、證書或執照者應繳納費額,1883,114,NA
1304,行政院原子能委員會,效期屆滿申請展延許可或申請換發證照、證書或執照者，應繳納費額,1560,117,NA
1305,行政院原子能委員會,證照、證書或執照登載事項或內容變更，申請換發者應繳納費額,1658,114,NA
1306,行政院原子能委員會,化學成分、元素、核種檢驗分析之事項及收費基準,2752,141,4
1307,行政院原子能委員會,人員劑量佩章服務之事項及收費基準,1822,124,1
1308,行政院原子能委員會,防護面具及空氣濾器檢測之事項及收費基準,1626,120,NA
1309,行政院原子能委員會,鈷60輻射照射之事項及收費基準,1412,119,NA
1310,行政院原子能委員會,射源託管服務之事項及收費基準,1425,108,NA
1311,行政院原子能委員會,接收各類放射性廢棄物處理貯存及最終處置收費基準,1543,106,NA
1312,行政院原子能委員會,行政院原子能委員會認可之輻射防護訓練業務機構,1627,108,NA
1313,行政院原子能委員會,放射性物質與可發生游離輻射設備銷售服務業者名單,1741,122,NA
1314,行政院原子能委員會,行政院原子能委員會輻射偵測中心規費收費標準,1759,117,NA
1315,行政院原子能委員會,放射性物料管制核發證照收費標準,1423,90,NA
1316,行政院原子能委員會,用過核子燃料貯存設施興建、運轉與除役審查費及檢查費,1415,100,NA
1317,行政院原子能委員會,核子燃料之輸入、輸出、過境、轉口與運送審查費及檢查費,1456,97,NA
1318,行政院原子能委員會,動力用核子反應器運轉人員執照測驗費,1438,93,NA
1319,行政院原子能委員會,研究用核子反應器運轉員執照測驗費,1439,96,NA
1320,行政院原子能委員會,動力用核子反應器執照費,1479,101,NA
1321,行政院環境保護署,我國重要環保統計資料,2433,753,NA
1322,行政院公共工程委員會,大宗資材價格及其漲跌幅彙整表,5919,626,3.666666794
1323,行政院公共工程委員會,工程顧問服務業人力價格資訊,4646,537,5
1324,行政院海岸巡防署,行政院海岸巡防署各年度已決標採購案件,1509,126,NA
1325,行政院海岸巡防署,行政院海岸巡防署「海洋活動資訊平台」,1715,116,NA
1326,行政院海岸巡防署,行政院海岸巡防署及所屬機關現員數資料,1782,146,NA
1327,臺灣省諮議會,臺灣省諮議會會計月報表,2431,266,NA
1328,財政部法制處,財政法規鬆綁明細,2271,239,5
1329,財政部法制處,財政部法規異動表,2348,270,NA
1330,財政部國庫署,青年安心成家貸款,4110,1268,NA
1331,財政部國庫署,財政部直接投資事業之持股情形,1968,276,NA
1332,財政部國庫署,財政部國庫券標售概況表,2213,233,5
1333,財政部國庫署,菸酒市場佔有率分析表,6603,978,3.375
1334,財政部財政資訊中心,營利事業所得稅暫繳申報收件統計表,2298,255,5
1335,文化部,文化部文化新聞稿,1752,225,5
1336,國軍退除役官兵輔導委員會,退輔會所屬服務機構基本資料,1967,203,NA
1337,國軍退除役官兵輔導委員會,彰化縣榮民服務處公務電話一覽表,4852,224,5
1338,國軍退除役官兵輔導委員會,臺東縣榮民服務處公務電話一覽表,1578,183,NA
1339,國軍退除役官兵輔導委員會,臺南市榮民服務處公務電話一覽表,1724,183,NA
1340,客家委員會,客家委員會客語教學課程表,3125,290,NA
1341,客家委員會,客家委員會客語文學課程表,2138,160,NA
1342,客家委員會,客家委員會客家民俗歷史課程表,1981,150,NA
1343,客家委員會,客家委員會影書選粹課程表,2063,155,NA
1344,客家委員會,客家委員會兒童客家課程表,2009,146,NA
1345,客家委員會,客家委員會客家音樂課程表,2229,170,NA
1346,客家委員會,客家委員會客家文化創意產業課程表,2001,176,NA
1347,客家委員會,客家委員會大專校院合作課程表,2197,188,NA
1348,客家委員會,客家委員會資訊課程課程表,1660,193,NA
1349,客家委員會,客家委員會客語百句,3404,160,NA
1350,客家委員會,客家委員會客語辭彙,1725,169,NA
1351,客家委員會,客家委員會客語薪傳師計畫課程,2169,192,NA
1352,客家委員會,客家委員會客語薪傳師總覽,2362,149,NA
1353,客家委員會,客家委員會好客卡特約商店,3039,329,NA
1354,客家委員會,客家委員會客語教學資源（客語教室）,2264,136,NA
1355,客家委員會,客家委員會客家文化資訊（魔力小百科）,1931,146,NA
1356,客家委員會,客家委員會客家文化資訊（主題動畫）,2160,150,NA
1357,客家委員會,客家委員會客家文化資訊（遠足日記）,2148,186,NA
1358,客家委員會,客家委員會客家經典菜餚食譜,2027,203,NA
1359,客家委員會,客家委員會客家文化重點發展區,2460,203,NA
1360,客家委員會,客家委員會地方客家單位,1934,172,NA
1361,客家委員會,客家委員會客家歷年貢獻獎,2053,170,NA
1362,客家委員會,客家委員會客家網路影音,2146,174,NA
1363,客家委員會,客家委員會客家網路廣播,1810,153,NA
1364,行政院主計總處,農業廢棄物排放帳,2363,208,3
1365,行政院主計總處,工業廢棄物排放帳,1937,152,NA
1366,戶政司,戶政機關通訊,3758,394,NA
1367,內政部國土測繪中心,村里界圖(TWD97經緯度),37028,4939,3.3
1368,內政部國土測繪中心,村里界圖(TWD97_119分帶),20102,1927,4.454545593
1369,內政部國土測繪中心,村里界圖(TWD97_121分帶),36960,5825,4.28571434
1370,內政部國土測繪中心,鄉鎮市區界線(TWD97經緯度),78940,12431,3.55
1371,內政部國土測繪中心,直轄市、縣市界線(TWD97經緯度),57277,10660,3.608695602
1372,內政部營建署,自然與人工海岸線示意圖,4562,500,NA
1373,內政部營建署, 太魯閣國家公園景點資訊,3173,300,1.5
1374,內政部營建署,太魯閣國家公園第二次通盤檢討計畫範圍圖,2395,202,NA
1375,內政部營建署, 東沙環礁國家公園計劃圖-陸域部分,2625,223,NA
1376,內政部營建署,東沙環礁國家公園計劃圖-海域部分,2455,223,3
1377,內政部營建署,玉山國家公園避難山屋點位,3442,304,5
1378,內政部營建署,玉山國家公園二通變範圍圖,2219,164,NA
1379,內政部營建署,玉山國家公園停機坪點位,2099,172,NA
1380,內政部營建署,玉山國家公園山峰點位,2372,221,NA
1381,內政部空中勤務總隊,空中勤務總隊位址,1809,164,NA
1382,行政院原子能委員會,年度施政方針,2038,140,NA
1383,行政院大陸委員會,臺灣對香港貿易統計表,1923,259,5
1384,行政院大陸委員會,兩岸經香港轉口貿易金額統計表,2548,300,5
1385,行政院大陸委員會,台灣對香港貿易依存度統計表,3328,381,5
1386,行政院大陸委員會,臺港相互投資金額統計表,1232,169,5
1387,行政院大陸委員會,臺澳相互投資金額統計表,1452,172,5
1388,行政院大陸委員會,兩岸海運直航港口開放情形,7008,963,4.4
1389,行政院大陸委員會,兩岸空運直航客貨運航點開放情形,3021,301,5
1390,行政院大陸委員會,兩岸貿易統計,2188,554,5
1391,行政院大陸委員會,兩岸貿易占外貿比重,2227,701,5
1392,行政院大陸委員會,臺灣及中國大陸對香港之貿易統計,1582,426,5
1393,行政院大陸委員會,臺灣對中國大陸及香港出口主要產品,2539,575,5
1394,行政院大陸委員會,臺灣自中國大陸及香港進口主要產品,2277,513,5
1395,行政院大陸委員會,臺灣對中國大陸、香港順差統計,1851,512,5
1396,行政院大陸委員會,臺商對中國大陸投資金額統計,6653,1567,5
1397,行政院大陸委員會,核准臺商對中國大陸投資統計-地區別,2205,531,5
1398,行政院大陸委員會,核准臺商對中國大陸投資統計-行業別,2121,498,5
1399,行政院大陸委員會,我國對外投資統計-國家(地區)別,4522,1180,4
1400,行政院大陸委員會,核准陸資來臺投資統計,2151,548,5
1401,行政院大陸委員會,陸資來臺投資業別統計,2012,548,NA
1402,行政院大陸委員會,對中國大陸匯出匯入款統計,2263,532,5
1403,行政院大陸委員會,赴中國大陸旅遊人數,5172,1529,5
1404,行政院大陸委員會,金馬「小三通」航運往來統計,2248,555,5
1405,行政院大陸委員會,臺灣及中國大陸貿易統計,1940,582,5
1406,行政院大陸委員會,臺灣與主要國家（地區）貿易金額統計,2226,530,5
1407,行政院大陸委員會,臺灣及中國大陸對美國之貿易統計,1901,531,5
1408,行政院大陸委員會,臺灣及中國大陸對日本之貿易統計,1690,518,NA
1409,行政院大陸委員會,臺灣及中國大陸對歐盟之貿易統計,1780,362,NA
1410,行政院大陸委員會,臺灣及中國大陸對東協10國之貿易統計,3163,738,5
1411,行政院大陸委員會,臺灣及中國大陸對南韓之貿易統計,1653,348,NA
1412,行政院大陸委員會,兩岸輸美產品市場比較,1971,484,5
1413,行政院大陸委員會,兩岸輸日產品市場比較,2018,454,NA
1414,行政院大陸委員會,兩岸輸往歐盟產品市場比較,1765,423,5
1415,行政院大陸委員會,臺灣及中國大陸輸往東協10國產品市場比較,2079,717,5
1416,行政院大陸委員會,臺灣及中國大陸利率及匯率之比較,3996,768,5
1417,臺灣省諮議會,臺灣省諮議會周邊旅遊景點,2716,229,NA
1418,臺灣省諮議會,臺灣省諮議會歷屆活動展覽資訊,1904,182,NA
1419,國立自然科學博物館,國立自然科學博物館特展,6879,285,NA
1420,國立自然科學博物館,國立自然科學博物館暨所屬三個園區活動,2393,250,NA
1421,國立臺灣圖書館,國立臺灣圖書館出版品一覽表,2041,234,5
1422,國家圖書館,全國圖書書目資訊網(NBINet),6741,677,3
1423,國家圖書館,漢學出版品書目資料,1983,157,NA
1424,地政司,土地段名代碼,15249,1225,4
1425,警政署,各警察機關新聞發布,4619,762,4.333333206
1426,內政部營建署,房地產消費糾紛案例,6991,716,4.5
1427,地政司,內政部100公尺網格數值地形模型資料,7481,1004,5
1428,內政部營建署,營建署所屬景點活動新訊,2136,499,NA
1429,內政部營建署,營建法規解釋函彙編,2859,302,NA
1430,科技部,中央研究院植物標本館標本資料,1987,140,NA
1431,科技部,中央研究院魚類標本資料,2075,150,NA
1432,科技部,TaiBIF出版品清單,1894,123,3.5
1433,科技部,GBIF出版品清單,1911,118,NA
1434,科技部,科技部決算書清冊,2088,216,NA
1435,科技部,科技部人文與社會科學簡訊出版品清冊,3020,362,5
1436,科技部,駐外科技組聯絡資訊,1862,210,NA
1437,科技部新竹科學工業園區管理局,新竹科學工業園區管理局園區巡迴巴士時刻表,2196,344,NA
1438,科技部,科技部訴願決定書清冊,2276,248,NA
1439,科技部南部科學工業園區管理局,南部科學工業園區公共藝術,1860,231,NA
1440,科技部南部科學工業園區管理局,南部科學工業園區免費巡迴巴士,2229,145,NA
1441,科技部南部科學工業園區管理局,南部科學工業園區性別與外籍員工統計資料集,2163,263,NA
1442,科技部南部科學工業園區管理局,南部科學工業園區污水廠排放水質,2316,296,NA
1443,科技部南部科學工業園區管理局,南部科學工業園區土地規劃資料集,2028,323,NA
1444,科技部南部科學工業園區管理局,南部科學工業園區新投資案核准資料集,2091,330,NA
1445,科技部南部科學工業園區管理局,南部科學工業園區產業營業額成長情形比較資料集,2282,344,NA
1446,科技部南部科學工業園區管理局,南部科學工業園區用電量統計資料集,3634,536,5
1447,科技部南部科學工業園區管理局,南部科學工業園區用水量統計資料集,4191,483,5
1448,行政院農業委員會,家禽交易行情(肉鵝/番鴨/鴨蛋),3997,343,5
1449,行政院農業委員會,家禽交易行情(白肉雞/雞蛋),7383,508,5
1450,行政院海岸巡防署,南部地區巡防局「轄區特色－南沙」,1617,128,5
1451,行政院海岸巡防署,南部地區巡防局「轄區特色－東沙」,1828,145,5
1452,行政院海岸巡防署,海難資訊,4327,406,5
1453,行政院海岸巡防署,國內商港金屬感應門及人身安全檢查性別統計,1831,141,NA
1454,臺南市政府,臺南市乙丙級清除機構基本資料,2727,300,NA
1455,臺南市政府,臺南市不動產建物買賣統計表,3742,627,3.25
1456,臺南市政府,臺南市公共圖書館聯絡資訊,3117,248,NA
1457,臺南市政府,臺南市古蹟,3851,607,2
1458,財政部法制處,國家賠償統計資料,2078,213,NA
1459,國立臺灣圖書館,國立臺灣圖書館館藏日治時期期刊數位化清單,2662,229,3
1460,國立臺灣圖書館,國立臺灣圖書館臺灣學系列講座資料集,2389,171,NA
1461,國立臺灣圖書館,國立臺灣圖書館業務統計,2035,263,NA
1462,國立臺灣科學教育館,國立臺灣科學教育館最新消息,2010,259,NA
1463,國立臺灣科學教育館,國立臺灣科學教育館科學研習月刊,2802,154,NA
1464,國立臺灣科學教育館,國立臺灣科學教育館臺灣國際科展優勝作品,3018,224,1
1465,國立臺灣科學教育館,國立臺灣科學教育館中小學科學展覽會優勝作品,2371,306,NA
1466,國立臺灣科學教育館,國立臺灣科學教育館大眾科學講座,2008,143,NA
1467,衛生福利部全民健康保險會,衛生福利部全民健康保險會委員會議議事錄,2633,324,NA
1468,衛生福利部中央健康保險署,健保承保業務統計資料,6686,720,2
1469,行政院農業委員會,產銷履歷,9661,1137,2.42857151
1470,科技部,臺灣物種名錄比對工具,2466,282,5
1471,科技部,地理座標資訊轉換服務,4467,508,NA
1472,科技部,物種地理座標驗證工具,2572,222,NA
1473,科技部,臺灣物種出現紀錄資料表格API（包含標本館資料與田野調查資料）,2593,334,5
1474,科技部,全國各研發執行部門研發經費統計資料,5207,753,2.166666603
1475,科技部,全國各研發執行部門研發人力統計資料_人數,2345,379,NA
1476,科技部,全國各研發執行部門研發人力統計資料_全時約當數,2551,148,NA
1477,科技部,全國企業部門研發經費_依OECD行業別區分統計資料,3622,205,3
1478,科技部,全國企業部門研發人力全時約當數_依OECD行業別區分統計資料,3746,158,4
1479,科技部,全國企業部門研發人力全時約當數_依我國行業別區分統計資料,2478,133,NA
1480,科技部,學名書寫形式校對工具,3511,367,4
1481,科技部,臺灣物種出現紀錄資料地圖API（包含各標本館資料與田野調查資料）,2874,321,NA
1482,科技部,科技部工程科技研究成果報告清冊,2475,588,NA
1483,科技部,科技部約聘僱人員性別統計表,2573,182,NA
1484,科技部,科技部職員官等及性別統計表,1900,199,NA
1485,科技部,科技部提供政府資訊人民申請案件,2158,382,NA
1486,科技部,科技部公共工程及採購契約書面資料,1964,327,NA
1487,科技部,總統科學獎得獎資訊,2001,310,NA
1488,科技部,科技部科普活動計畫通過清單,2554,249,NA
1489,科技部,科技部科技大觀園演講廳,1766,156,NA
1490,科技部,科技部科技大觀園科普知識,2005,136,NA
1491,科技部,科技部科技大觀園影視節目,1897,126,NA
1492,科技部,科技部科學工業園區土地使用情形資料集,2742,363,NA
1493,科技部,科技部科學工業園區標準廠房使用資料集,1986,409,NA
1494,科技部,科技部科學工業園區產業類別及家數統計資料集,3360,446,5
1495,科技部,科技部科學工業園區產業營額統計資料集,1781,330,3
1496,科技部,科技部科學工業園區進出口資料集,1812,328,4.5
1497,科技部,科技部科學工業園區從業員工數統計資料集,2373,520,4
1498,科技部,科技部線上虛擬展場清冊,1987,110,NA
1499,科技部,科技部大屯火山觀測站_火山氣體監測,2755,251,NA
1500,科技部,科技部大屯火山觀測站_地表溫度監測,4423,293,5
1501,科技部,科技部大屯火山觀測站_地殼變形監測,2805,190,1
1502,科技部,科技部大屯火山觀測站_地震活動監測,2058,243,NA
1503,科技部,科技部補助延攬科技人才統計資料集,3546,225,NA
1504,科技部,科技部補助兩岸科技交流統計資料集,3316,192,3.5
1505,科技部,行政院傑出科技貢獻獎統計資料集,1711,196,NA
1506,科技部,科技部專題研究計畫相關辦法資料集清單,1632,124,NA
1507,科技部,科技部專題研究計畫相關函釋資料集清單,2119,197,NA
1508,科技部,科技部主管財團法人資訊,2257,246,1
1509,科技部,科技部預算書清冊,7742,402,NA
1510,國家發展委員會檔案管理局,公文時效統計表,3597,397,5
1511,國家發展委員會檔案管理局,節能減紙指標-公文電子交換比率,3655,391,NA
1512,國家發展委員會檔案管理局,節能減紙指標-公文線上簽核比率,3489,436,NA
1513,國家發展委員會檔案管理局,公文電子交換系統地址簿,27395,3531,3.857143021
1514,國立臺灣圖書館,國立臺灣圖書館終身學習研習班課程,3091,192,NA
1515,科技部,全國企業部門研發經費_依我國行業別區分統計資料,5783,252,NA
1516,地政司,地政機關通訊錄,3249,374,4
1517,蒙藏委員會,蒙藏委員會海外藏僧來台弘法人次統計表,1874,145,NA
1518,蒙藏委員會,蒙藏委員會培訓援外志工統計表,1848,145,NA
1519,蒙藏委員會,蒙藏委員會大陸藏僧來台弘法人次統計表,1922,155,NA
1520,蒙藏委員會,蒙藏委員會大事記,2308,181,NA
1521,蒙藏委員會,俄羅斯聯邦蒙裔共和國醫生來台培訓統計表,1917,144,NA
1522,臺南市政府,臺南市居家護理所列表,2763,237,NA
1523,臺南市政府,臺南市餐飲衛生優良店列表,3387,443,3
1524,外交部,臺灣青年Fun眼世界-最新消息,2161,164,NA
1525,外交部,臺灣青年Fun眼世界-台灣行腳,1577,247,3
1526,外交部,臺灣青年Fun眼世界-國際活動,1931,226,NA
1527,外交部,臺灣青年Fun眼世界-獎助學金,1618,250,4
1528,外交部,臺灣青年Fun眼世界-能力補給,1732,210,NA
1529,外交部,國際青年臺灣研習營-景點介紹(日語組),2313,176,NA
1530,外交部,青年度假打工-申請國家,2316,451,1
1531,外交部,青年度假打工-申請資訊,1764,292,NA
1532,外交部,青年度假打工-注意事項,1843,277,NA
1533,外交部,青年度假打工-緊急聯絡,2749,317,NA
1534,外交部,青年度假打工-勞動法令,1853,295,4.5
1535,外交部,青年度假打工-答客問,1795,264,NA
1536,外交部,青年度假打工-澳大利亞答客問,1594,335,NA
1537,外交部,青年度假打工-紐西蘭答客問,1705,199,NA
1538,外交部,青年度假打工-日本答客問,1863,323,NA
1539,外交部,青年度假打工-韓國答客問,1732,205,NA
1540,外交部,青年度假打工-加拿大答客問,1564,214,NA
1541,外交部,青年度假打工-英國答客問,2155,222,5
1542,外交部,青年度假打工-愛爾蘭答客問,1717,206,NA
1543,外交部,青年度假打工-德國答客問,1706,217,NA
1544,外交部,青年度假打工-比利時答客問,1587,195,NA
1545,外交部,外交小尖兵-年度演講主題,2529,304,NA
1546,臺南市政府,臺南市農地重劃土地標售資料,3982,360,NA
1547,臺南市政府,臺南市護理之家列表,2803,295,NA
1548,臺南市政府,臺南市心理諮商服務據點,2506,264,3
1549,臺南市政府,臺南市自主衛生管理評核優良商家-旅館業列表,2745,273,3.25
1550,科技部南部科學工業園區管理局,南部科學工業園區南科簡訊,2482,166,NA
1551,科技部,企業部門研發經費_依企業員工數分層統計資料,4434,323,1
1552,公平交易委員會,公平會101年申請聯合行為案件統計,1682,177,1
1553,文化部,文化部國家文化資料庫-地理,1931,299,NA
1554,文化部,文化部國家文化資料庫-歷史,2176,267,NA
1555,文化部,文化部國家文化資料庫-社會學,1459,193,NA
1556,文化部,文化部國家文化資料庫-法政,1401,192,NA
1557,文化部,文化部國家文化資料庫-經濟,2228,328,NA
1558,文化部,文化部國家文化資料庫-教育,2359,286,NA
1559,文化部,文化部國家文化資料庫-民俗,2262,322,NA
1560,文化部,文化部國家文化資料庫-文學,2033,254,NA
1561,文化部,文化部國家文化資料庫-美術,5397,601,5
1562,文化部,文化部國家文化資料庫-工藝,2136,208,NA
1563,文化部,文化部國家文化資料庫-設計,2108,298,NA
1564,文化部,文化部國家文化資料庫-建築,1782,208,NA
1565,文化部,文化部國家文化資料庫-戲劇,2078,282,NA
1566,文化部,文化部國家文化資料庫-舞蹈,1941,248,NA
1567,文化部,文化部國家文化資料庫-電影,4542,583,3
1568,文化部,文化部國家文化資料庫-音樂,10830,1106,4.666666794
1569,科技部,科技部補助全國性學術團體辦理學術推廣業務統計資料集,10615,204,5
1570,金融監督管理委員會,集中保管有價證券業務概況表,2767,409,NA
1571,客家委員會,客家委員會獎助客家學術研究概況,2028,139,NA
1572,客家委員會,客家委員會獎助客家研究優良博碩士論文概況,1838,131,2
1573,客家委員會,客家委員會相關網站,1698,122,NA
1574,客家委員會,客家委員會客家日本時期唱片總目錄,1901,157,NA
1575,客家委員會,客家委員會客家藝文團隊,2182,160,NA
1576,客家委員會,客家委員會客庄景點,3908,521,5
1577,客家委員會客家文化發展中心,客家委員會參與客家文物聯營之地方館舍,1922,150,NA
1578,客家委員會,客家委員會客家創意菜色食譜,2368,205,5
1579,客家委員會,客家委員會客語薪傳師性別統計,1845,120,NA
1580,客家委員會,客家委員會客語能力認證中級考試暨中高級考試性別統計,1880,138,3.5
1581,客家委員會,客家委員會客語能力認證初級考試性別統計,2373,154,NA
1582,客家委員會,客家委員會「Hakka TAIWAN臺灣客家」認證商品,95814,220,2
1583,客家委員會,客家委員會客家傳統樂器介紹,2277,183,NA
1584,客家委員會客家文化發展中心,客家委員會客家傳統建築影像典藏網客家傳統建築基本資料,1573,142,NA
1585,客家委員會,客家委員會桐花文學獎,1981,132,NA
1586,客家委員會,客家委員會客籍作家,1851,140,NA
1587,科技部,科教國合司國際合作業務各類補助申請時程,1460,180,NA
1588,科技部,科技部行政規則清單,1620,190,NA
1589,科技部,科技部專題研究計畫相關表格資料集清單,1966,204,NA
1590,科技部,科技部傑出技術移轉貢獻獎資訊,2925,264,NA
1591,行政院海岸巡防署,海盜資訊,4645,696,2.57142849
1592,臺南市政府,臺南市衛生局輔導認證低碳餐廳名冊,3036,353,5
1593,交通部中央氣象局,海嘯資訊資料,3324,596,3
1594,交通部中央氣象局,潮高預報,3517,521,3.333333206
1595,交通部中央氣象局,海面天氣預報,4902,947,5
1596,交通部觀光局,景點 - 觀光資訊資料庫,28738,22788,3.782608795
1597,交通部觀光局,活動 - 觀光資訊資料庫,12477,3668,4.25
1598,交通部觀光局,餐飲 - 觀光資訊資料庫,12340,5114,3.8
1599,交通部觀光局,旅館民宿 - 觀光資訊資料庫,21834,6082,4.333333206
1600,交通部臺灣區國道新建工程局,工程建設計畫施工進度,2095,265,5
1601,臺灣港務股份有限公司,高雄港務分公司聯絡電話表,4039,196,NA
1602,科技部,科技部專題研究計畫Q&A問答資料集清單,2530,228,4
1603,行政院海岸巡防署,海巡法規,3798,236,4
1604,行政院海岸巡防署,海巡機關2000噸艦艇圖片,1733,114,NA
1605,行政院海岸巡防署,行政院海岸巡防署年度開班資訊,1477,92,NA
1606,行政院海岸巡防署,訴願決定書,2105,168,NA
1607,臺南市政府,臺南市自主衛生管理評核優良商家-游泳業列表,2225,242,4
1608,國防部,國防譯粹,5560,925,NA
1609,國防部,新書介紹,2372,306,NA
1610,國防部,展覽資訊,2176,382,NA
1611,國防部,汰除裝備陳展,1940,109,NA
1612,國防部,主計季刊資料集,3152,353,NA
1613,國防部,財務單位基本資料集,2509,254,NA
1614,國防部後備指揮部,召集類別,1115,112,4.5
1615,國防部,國軍傷亡官兵撫卹,1304,109,NA
1616,國防部,傷患空中醫療後送執行概況,2157,145,NA
1617,國防部,行動應用軟體服務績效調查表,1747,182,NA
1618,國防部,「直轄市、縣(市)政府動員、災防、戰綜三合一會報」102年度下半年定期會議,1800,170,NA
1619,交通部臺灣鐵路管理局,臺鐵各車站行包、貨運業務洽詢電話表,2649,381,NA
1620,交通部臺灣鐵路管理局,臺鐵各車站辦理自動存物箱寄存一覽表,3199,288,5
1621,交通部臺灣鐵路管理局,交通部臺灣鐵路管理局itaiwan熱點,3166,695,1.5
1622,客家委員會,客家委員會築夢計畫性別統計,2072,179,NA
1623,客家委員會,客家委員會桐花創作音樂,2295,253,NA
1624,客家委員會,客家委員會客家音樂戲劇人才資料庫,1862,137,NA
1625,客家委員會,客家委員會客家人口比例及推估人數,2793,314,2
1626,桃園國際機場股份有限公司,桃園國際機場定期航班,11955,3334,4.333333206
1627,桃園國際機場股份有限公司,桃園國際機場航機架次,3517,352,3
1628,桃園國際機場股份有限公司,桃園國際機場貨運量月統計,3678,341,NA
1629,桃園國際機場股份有限公司,桃園機場基本資料,3266,308,3.75
1630,行政院環境保護署,十分鐘雨量資料,27306,17908,2.416666603
1631,勞動部,勞動部近10年勞動統計調查,22292,2067,3
1632,勞動部,勞動部勞動統計刊物,4183,671,NA
1633,勞動部勞動及職業安全衛生研究所,勞工安全衛生研究年報,2716,417,5
1634,行政院大陸委員會,兩岸經濟交流統計速報,2227,595,4.333333206
1635,行政院大陸委員會,兩岸重要經濟指標統計速報,1279,431,3
1636,行政院大陸委員會,大陸地區人民來臺（社會交流）相關統計表,889,362,3
1637,行政院大陸委員會,港澳居民來臺統計表,1130,205,5
1638,行政院大陸委員會,香港對大陸地區貿易統計表,896,134,5
1639,行政院大陸委員會,金門地區歷年小三通人數統計,4366,1571,5
1640,行政院大陸委員會,馬祖地區歷年小三通人數統計,3095,865,5
1641,行政院大陸委員會,金馬地區歷年小三通人數統計,1070,307,5
1642,交通部臺灣鐵路管理局,交通部臺灣鐵路管理局各站地址及電話,3501,690,1.333333302
1643,國防部後備指揮部,教育召集-申辦免召基準,2008,152,NA
1644,國防部後備指揮部,各種軍眷身分證,2535,191,5
1645,國防部後備指揮部,軍眷服務,1276,108,NA
1646,國防部後備指揮部,遺族照護,899,95,NA
1647,警政署,110聽語障人士簡訊及傳真報案專線,5391,517,5
1648,消防署,119聽語障人士簡訊及傳真報案專線,2617,477,NA
1649,科技部新竹科學工業園區管理局,新竹科學工業園區已入區登記廠商資料,10399,1665,4.25
1650,科技部中部科學工業園區管理局,中部科學工業園區園區電影活動資料統計,2181,176,NA
1651,科技部中部科學工業園區管理局,中部科學工業園區最新公告月資料統計,1837,166,NA
1652,科技部中部科學工業園區管理局,中部科學工業園區公共場地租借月報,1477,128,NA
1653,科技部中部科學工業園區管理局,中部科學工業園區核准投資金額月報,1594,145,NA
1654,科技部中部科學工業園區管理局,中部科學工業園區職業安全訓練課程暨會議月資料統計,1511,136,NA
1655,科技部中部科學工業園區管理局,中部科學工業園區動產擔保交易登記月報,1881,156,NA
1656,科技部中部科學工業園區管理局,中部科學工業園區參訪統計月報,1495,120,NA
1657,科技部中部科學工業園區管理局,中部科學工業園區職業安全最新公告月資料統計,1707,119,NA
1658,科技部中部科學工業園區管理局,中部科學工業園區創新研發獎助輔助資料統計,1559,151,NA
1659,科技部中部科學工業園區管理局,中部科學工業園區入區登記(營運)廠商明細表統計月報,2000,167,NA
1660,科技部新竹科學工業園區管理局,新竹科學工業園區來賓統計資料,2307,426,NA
1661,科技部新竹科學工業園區管理局,新竹科學工業園區靜心湖導覽,2902,465,5
1662,科技部新竹科學工業園區管理局,新竹科學工業園區人才培訓課程,5904,560,5
1663,科技部新竹科學工業園區管理局,新竹科學工業園區公共藝術,3127,441,NA
1664,科技部新竹科學工業園區管理局,新竹科學工業園區管理局工程承包商聯絡資料,2442,412,NA
1665,科技部新竹科學工業園區管理局,新竹科學工業園區管理局活動訊息,2250,373,NA
1666,科技部新竹科學工業園區管理局,新竹科學工業園區新設暨遷址入區登記廠商月報,2716,519,5
1667,交通部臺灣鐵路管理局,交通部臺灣鐵路管理局政府出版品電子全文目錄,2097,388,NA
1668,中華郵政股份有限公司,信筒(箱)設置地點,5811,544,3
1669,中華郵政股份有限公司,自助郵局據點,3585,525,5
1670,中華郵政股份有限公司,不按址投遞區域,3777,305,NA
1671,交通部高速鐵路工程局,高鐵車站資料,7718,1199,2.2
1672,交通部高速鐵路工程局,高鐵里程座標資料,5308,666,5
1673,交通部高速鐵路工程局,高鐵局政府出版品資料,1596,206,NA
1674,交通部高速鐵路工程局,高鐵運量統計表,19803,5386,3.1
1675,臺灣港務股份有限公司,高雄港進出港船舶統計,3553,363,4.5
1676,行政院,中華民國行憲後歷任行政院院長任期內大事紀,1530,155,5
1677,行政院,行政院及各級行政機關訴願業務統計,1585,323,NA
1678,行政院,行政院科技會報大事紀,2103,532,NA
1679,行政院,行政院首長行程(副院長),1898,282,NA
1680,行政院,行政院首長行程(秘書長),1741,262,NA
1681,行政院,行政院性別平等會委員會議及會前協商會議紀錄(性平會),1368,270,NA
1682,行政院,行政院性別平等會委員會議及會前協商會議紀錄(婦權會),1682,266,3
1683,國防部,國防大學102年申請國防部「補助教師（官）從事學術研究」專題研究計畫清單,1830,105,NA
1684,國防部,國防大學102年申請非國科會專題研究計畫清單,1883,188,NA
1685,國防部,流行性感冒防治執行概況,2035,311,5
1686,交通部高速鐵路工程局,機場捷運車站位置示意圖,5360,1167,3
1687,交通部航港局,102航港建設基金平衡表,1591,182,NA
1688,交通部航港局,102航港建設基金基金來源用途及餘絀決算表,1668,161,NA
1689,交通部航港局,103年度航港建設基金預算案預計表,931,148,4
1690,交通部航港局,102航港建設基金現金流量決算表,1509,161,NA
1691,行政院農業委員會,農產品交易行情,31174,2180,4.333333206
1692,衛生福利部國民健康署,參與癌症醫療品質提升計畫提供安寧服務之醫院,1937,190,NA
1693,衛生福利部國民健康署,大腸癌篩檢檢驗之醫事機構名單,2104,242,NA
1694,衛生福利部國民健康署,口腔癌確認診斷及治療醫院名單,1721,144,NA
1695,交通部航港局,國際商港船舶動態資訊,2857,204,NA
1696,行政院,行政院首長行程(院長),2056,378,NA
1697,民用航空局,航空公司統一代碼,2750,321,4.5
1698,民用航空局,國籍各型民用航空器適航情況,2307,426,5
1699,民用航空局,民營飛行場一覽表,1874,230,NA
1700,民用航空局,民用航空站服務台,2286,244,NA
1701,交通部臺灣區國道新建工程局,國道路網編號,2766,317,3
1702,民用航空局,臺灣地區航空公司家數,3217,453,5
1703,交通部航港局,101航港建設基金附屬單位決算表,1843,191,4
1704,國防部,國防部公務人員職缺徵才,6511,517,5
1705,衛生福利部國民健康署,乳癌確認診斷醫療院所,2102,240,NA
1706,衛生福利部國民健康署,乳癌確認診斷及治療醫院,2708,341,3
1707,衛生福利部國民健康署,子宮頸細胞病理診斷單位名單,1621,119,NA
1708,臺灣港務股份有限公司,花蓮港船舶即時動態,5174,481,3.333333206
1709,臺灣港務股份有限公司,花蓮港務分公司觀光郵輪各航次進出港預報,2327,284,NA
1710,衛生福利部國民健康署,辦理癌症診療品質提升計畫醫院名單,1812,121,NA
1711,臺灣港務股份有限公司,花蓮港船舶預報改期,2208,429,2
1712,交通部觀光局,102年國內主要遊憩據點遊客人數月別統計,11098,1280,2.28571434
1713,文化部,文化部研習課程,2102,960,NA
1714,文化部,文化部獎補助-要點,2530,273,NA
1715,文化部,文化部獎補助-報名資訊,2757,348,NA
1716,行政院農業委員會,每月盛產農產品產地,8634,1735,3.333333206
1717,國防部,「戰略安全研析」月刊102年稿件清單,2713,153,NA
1718,國防部,102年國科會研究計畫清單,2065,245,NA
1719,交通部航港局,103年3月國際商港船舶進出港動態資料,1509,151,NA
1720,交通部航港局,103年4月國際商港船舶進出港動態資料,1608,126,NA
1721,嘉義市政府,嘉義市旅館名冊,3208,451,3.5
1722,嘉義市政府,嘉義市電動機車充電站列表,4458,355,3.333333206
1723,嘉義市政府,嘉義市高齡友善餐廳名冊,3386,357,3.5
1724,行政院環境保護署,紫外線預報,3556,1670,5
1725,臺灣港務股份有限公司,臺中港航班資訊,1474,288,NA
1726,臺灣港務股份有限公司,臺中港區碼頭設施,1203,124,NA
1727,臺灣港務股份有限公司,臺中港船舶進港艘次船種,1453,155,NA
1728,客家委員會,客家委員會數位台灣客家庄-古蹟歷史建築,3151,267,NA
1729,客家委員會,客家委員會數位台灣客家庄-聚落,2134,189,5
1730,客家委員會,客家委員會數位台灣客家庄-遺址,1914,240,NA
1731,客家委員會,客家委員會數位台灣客家庄-文化景觀,1837,244,NA
1732,客家委員會,客家委員會數位台灣客家庄-傳統藝術,2252,293,NA
1733,客家委員會,客家委員會數位台灣客家庄-民俗及有關文物,2434,344,NA
1734,客家委員會,客家委員會數位台灣客家庄-美食,2637,371,NA
1735,客家委員會,客家委員會「客家產業輔導計畫」亮點業者,1680,174,3
1736,國防部,國防部文官人員進用方式統計,1669,177,NA
1737,國防部,國防部文官員額編現比及性別統計,1739,151,NA
1738,國防部,國防部文官教育程度統計,1409,195,NA
1739,國防部,國軍「常備兵役軍事訓練」訓練規劃,1382,122,NA
1740,國防部,中共國防預算統計,2393,273,NA
1741,國防部,台海兩岸軍事能力現況統計比較,2035,286,NA
1742,國防部,「三軍聯合作戰演訓」執行統計,1904,134,NA
1743,國防部,C-130運輸機支援外離島軍民緊急疏運作業統計,1329,98,NA
1744,國防部,民國102年國防部文官員額編現比及年齡分布統計,1621,122,NA
1745,衛生福利部統計處,癌症死因統計,9580,3178,3.333333206
1746,臺灣港務股份有限公司,高雄港船舶進港預報次序,2244,246,5
1747,交通部臺灣區國道新建工程局,國道新建工程局工程規範目錄,1791,177,NA
1748,交通部臺灣區國道高速公路局,服務區簡介一覽表,2181,281,1
1749,文化部,文化部駐外單位藝文活動辦理統計,3068,247,4
1750,文化部,文化部國家與地方考試文化行政類錄取人數統計,1528,137,NA
1751,文化部,文化部文化志工統計,3109,225,NA
1752,文化部,文化部高等教育推廣教育中心名錄,1523,145,5
1753,文化部,文化部我國國產與進口影片核定准演部數統計,2055,139,NA
1754,文化部,文化部文創產業家數與營業額統計資訊,2951,445,NA
1755,文化部,文化部文化事務財團法人名錄,1951,202,1
1756,勞動部勞工保險局,勞工退休金提停繳申報作業,2169,224,NA
1757,勞動部勞工保險局,勞工退休金請領程序,1715,312,NA
1758,勞動部勞工保險局,國民年金業務服務電話,4233,308,4
1759,勞動部勞動力發展署,talent期刊,2278,279,NA
1760,勞動部職業安全衛生署,臺灣職業安全衛生管理系統(TOSHMS)驗證單位名單,1963,230,3
1761,財政部國庫署,國庫署各年度獎補助費,1665,184,NA
1762,國家圖書館,政府公報資料,2014,278,5
1763,經濟部加工出口區管理處,屏東園區就業訊息,1723,154,NA
1764,經濟部加工出口區管理處,園區別營業額資訊,1519,148,NA
1765,經濟部加工出口區管理處,園區公司登記家數及資本額資訊,1463,184,NA
1766,經濟部加工出口區管理處,園區別歷年受雇員工人數增減比較資訊,1352,108,NA
1767,經濟部加工出口區管理處,高雄園區就業訊息,1918,191,5
1768,經濟部加工出口區管理處,園區事業別核准投資家數分類資訊,1376,129,NA
1769,經濟部加工出口區管理處,臺中園區就業訊息,1668,168,NA
1770,教育部體育署,各縣市自行車道路資訊,15576,1486,2
1771,交通部航港局,103年5月國際商港船舶進出港動態資料,1698,117,NA
1772,交通部中央氣象局,高解析可見光衛星雲圖-東亞 ,2046,211,NA
1773,交通部中央氣象局,高解析紅外線彩色衛星雲圖-東亞 ,1547,158,NA
1774,國防部,愛滋病防治宣教成效,1701,218,NA
1775,國防部,尿液篩檢執行成效,1597,135,NA
1776,財政部國庫署,各年度國產及進口水果釀造酒類數量表,2525,177,NA
1777,財政部國庫署,各年度國產及進口白蘭地數量表,1217,173,NA
1778,財政部國庫署,各年度國產及進口再製酒類數量表,3769,294,NA
1779,財政部國庫署,各年度國產及進口其他酒類數量表,1496,251,NA
1780,財政部國庫署,辦理政策宣導相關明細,971,194,NA
1781,內政部營建署,民間都更事業,3065,593,NA
1782,內政部營建署,政府都更案,3390,669,1
1783,民政司,全國宗教資訊系統資料-寺廟,9529,1416,3.5
1784,民政司,全國宗教資訊系統資料-法人教會,2278,381,NA
1785,民政司,全國宗教資訊系統資料-基金會,2620,211,NA
1786,民政司,全國宗教資訊系統資料-宗祠,2184,224,NA
1787,民政司,全國宗教資訊系統資料-宗祠基金會,1986,153,5
1788,民政司,全國宗教資訊系統資料-慶(祭)典,2111,222,NA
1789,民政司,全國宗教資訊系統資料-宗教獲獎事蹟,1610,114,NA
1790,內政部營建署,營建署住宅建設清冊 ,3498,667,NA
1791,內政部營建署,營建署政府資訊公開資料,1907,282,NA
1792,內政部營建署,內政部區域計畫委員會資料,1881,254,NA
1793,內政部營建署,內政部都市計畫委員會資料,1775,262,NA
1794,內政部營建署,營建署國家公園計畫資料,1792,244,3
1795,內政部營建署,營建署都市設計審查資料,1369,232,NA
1796,役政署,全國役政單位資料,4285,660,1.333333302
1797,役政署,役男體檢、複檢醫院資料,2967,573,3
1798,役政署,國軍常備兵徵集配賦員額預告資料,4069,587,NA
1799,財政部國庫署,國庫集中支付業務─國庫支票簽發及匯款作業量,1349,127,4.5
1800,財政部國庫署,國庫集中支付業務─歷年實施電子支付機關統計表,1442,129,NA
1801,財政部國庫署,中央特別統籌分配稅款支出明細,2651,179,NA
1802,財政部國庫署,中央政府建設公債標售概況表,1455,223,5
1803,財政部國庫署,地方政府收支餘絀概況,1536,260,4
1804,財政部國庫署,國庫集中支付業務─庫款支付金額分析及統計,1165,148,5
1805,財政部國庫署,國庫集中支付業務─預算管制作業量,1246,135,5
1806,財政部國庫署,中央政府近年作業賸餘繳庫數,1249,162,NA
1807,財政部國庫署,中央政府近年投資收益繳庫數,1446,202,NA
1808,財政部國庫署,中央政府近年營業盈餘繳庫數,1811,207,NA
1809,行政院主計總處,工商及服務業企業單位經營概況,1875,228,5
1810,嘉義市政府,嘉義市高齡友善餐廳名冊2,58,5,NA
1811,交通部臺灣區國道高速公路局,高速公路交流道里程編號表,6194,1848,4
1812,交通部運輸研究所,運輸部門年度排放清冊推估資料庫-能源消耗量,2196,242,NA
1813,交通部航港局,國內固定航班資訊,7358,1182,4.333333206
1814,行政院主計總處,消費者物價特殊分類指數,2083,350,1
1815,行政院主計總處,躉售物價內外銷及產地來源分類指數,1505,136,NA
1816,行政院主計總處,躉售物價基本分類指數,2938,305,NA
1817,行政院主計總處,進口物價基本分類指數(按HS分)(美元計價),1726,171,5
1818,行政院主計總處,進口物價基本分類指數(按HS分)(新台幣計價),1639,164,NA
1819,行政院主計總處,進口物價用途別分類指數(新台幣計價),1209,151,NA
1820,行政院主計總處,進口物價用途別分類指數(美元計價),1232,139,NA
1821,行政院主計總處,出口物價基本分類指數(按HS分)(美元計價),1371,162,NA
1822,行政院主計總處,出口物價基本分類指數(按HS分)(新台幣計價),1328,163,NA
1823,行政院主計總處,營造工程物價指數,12629,2311,3
1824,行政院人事行政總處,現行政務人員及一般公務人員(常務人員)各職等待遇對照表,4254,434,3
1825,臺灣省諮議會,臺灣省議會史料總庫校園宣導講座資訊,1924,179,5
1826,國防部,全民國防活動統計表,1244,135,NA
1827,國防部,國防部公務人員預算與現有員額統計表,1884,175,1
1828,國防部,國防部102年度購案標的類別案件統計表,1103,70,NA
1829,國防部,國防部102年度購案決標案件統計表,1131,85,3
1830,國防部,國防部內購財物、勞務採購契約通用條款暨投標須知,2294,144,NA
1831,國防部,國防部年度委託研究計畫一覽表,1067,185,NA
1832,國防部,國防部業務研究成果統計,1096,173,NA
1833,國家通訊傳播委員會,消費者端量測行動上網平均速率,2338,3867,5
1834,國家通訊傳播委員會,定點量測行動上網平均速率,6071,588,2.6
1835,國家通訊傳播委員會,移動式量測行動上網平均速率,1752,325,3
1836,財政部關務署,海關監管保稅倉庫清冊,3875,642,NA
1837,財政部關務署,保稅工廠清冊,4218,857,1
1838,財政部關務署,科學工業園區監管廠商名冊,2404,193,NA
1839,財政部關務署,海關相關公(工)會名冊,1460,129,NA
1840,財政部關務署,貨棧業者名冊,1032,118,NA
1841,財政部關務署,物流中心名冊,1768,315,NA
1842,財政部關務署,快遞業者名單,2745,207,NA
1843,財政部關務署,通關即時服務窗口,1559,163,NA
1844,財政部關務署,水產類(第3章)年度進口量,3155,193,5
1845,財政部關務署,貨櫃集散站業者名冊,2732,180,NA
1846,財政部關務署,自行報關名冊,1962,177,NA
1847,財政部關務署,保稅卡車名冊,2402,226,NA
1848,財政部關務署,加工出口區名冊,1289,155,NA
1849,財政部關務署,免稅商店及離島免稅購物商店業者名冊,3399,380,3
1850,財政部關務署,不受理報關原因,1644,165,NA
1851,財政部關務署,受理電傳退押電話,988,119,NA
1852,財政部關務署,海關電話傳真語音服務,1538,154,NA
1853,財政部關務署,優質企業安全審查項目及驗證基準,2512,184,5
1854,財政部關務署,聯合國地方代碼,2695,172,NA
1855,財政部關務署,錯單或應補辦事項,1021,92,NA
1856,國家發展委員會,公務出國報告,2692,274,NA
1857,經濟部礦務局,配購爆炸物數量統計,1670,216,2
1858,經濟部礦務局,礦業從業人員人數性別比率統計,1813,188,2
1859,經濟部國際貿易局,台灣綠色典範獎商品,1588,152,NA
1860,經濟部國際貿易局,國際會議展覽補助資訊,2833,178,NA
1861,經濟部工業局,國家品質獎歷屆得獎名單,9210,984,2.5
1862,經濟部工業局,營運總部認定函仍具效期之企業名單,3866,403,3.5
1863,經濟部工業局,電子資訊國際夥伴績優廠商歷屆得獎名單,2748,442,5
1864,經濟部工業局,台灣金印獎得獎名單,2404,311,NA
1865,經濟部中央地質調查所,工程地質探勘資料點位圖,6524,557,3.4
1866,經濟部中央地質調查所,五萬分之一地質圖幅索引圖,5669,874,4.5
1867,經濟部中央地質調查所,岩屑崩滑潛勢分析圖,5835,488,5
1868,經濟部商業司,公司行號營業項目代碼表,20889,2029,3.777777863
1869,經濟部商業司,公司登記現有家數及實收資本額－按行業別及縣市別,8119,2465,5
1870,經濟部商業司,公司登記現有家數及實收資本額－按行業別及申登機關別分,3411,1238,NA
1871,經濟部商業司,公司登記家數及實收資本額異動─按申登機關別分,2573,991,1
1872,經濟部商業司,公司登記新設立家數及實收資本額－按行業別及縣市別分,5171,1301,3.333333206
1873,經濟部商業司,公司解散、撒銷及廢止家數及實收資本額－按行業別及縣巿別分,3800,1301,NA
1874,經濟部商業司,外國公司認許與代表人辦事處現有家數,4448,956,NA
1875,經濟部智慧財產局,台北國際發明暨技術交易展發明競賽得獎名單,1367,139,NA
1876,經濟部智慧財產局,著作權統計資料,1608,248,3
1877,台灣中油股份有限公司油品行銷事業部,中油天然氣牌價,6204,568,4.5
1878,國家圖書館,國家圖書館出版品目錄,1327,140,5
1879,國家圖書館,圖書館名錄,5679,438,3.5
1880,台灣電力股份有限公司,台電歷年尖峰負載及備用容量率,9998,1691,3.833333206
1881,經濟部能源局,臺灣能源統計指標,4363,544,4
1882,經濟部能源局,能源供給資料,3246,1827,5
1883,台灣自來水股份有限公司,台灣自來水公司供水轄區各區域供水普及率,11533,948,4.4
1884,經濟部專業人員研究中心,場地借用要點及價目表,1351,177,NA
1885,臺灣糖業股份有限公司,台糖休閒遊憩營業據點,4417,679,2.4
1886,經濟部水利署,自來水生活用水量統計,6423,1673,4.21428566
1887,經濟部標準檢驗局,自願性產品品目資料,1187,124,NA
1888,經濟部標準檢驗局,驗證登錄品目資料,1409,133,NA
1889,經濟部水利署,水質水量保護區基本資料,4717,925,3.666666794
1890,經濟部中小企業處,新創事業獎,4137,657,5
1891,經濟部中小企業處,婦女創業菁英賽,2197,251,3
1892,財政部國有財產署,中央政府各機關（機構）徵收或購置已逾15年未完成產權移轉登記土地處理情形彙整統計表,2762,167,NA
1893,財政部國有財產署,各機關經管國有公用不動產被占用暨處理情形統計表,2107,315,NA
1894,財政部國有財產署,國有公務用財產數量價值統計表,2114,150,NA
1895,財政部國有財產署,國有公共用財產數量價值統計表,2300,152,NA
1896,財政部國有財產署,國有事業用財產數量價值統計表,2086,148,NA
1897,財政部國有財產署,國有非公用財產數量價值統計表,2449,155,NA
1898,財政部國有財產署,國有非公用房地用途數量價值統計表,2466,207,5
1899,財政部國有財產署,國有非公用房屋管理統計表,3805,383,4
1900,交通部運輸研究所,運輸部門年度排放清冊推估資料庫-二氧化碳排放量,4978,776,5
1901,財政部國庫署,中央統籌分配稅款實徵情形表,2156,292,5
1902,行政院環境保護署,特生中心慕光之城蛾類時空分布資料集,2596,288,5
1903,行政院環境保護署,特生中心臉書社團植物調查資料集,1463,232,NA
1904,行政院環境保護署,特生中心社區蝴蝶調查資料集,1808,372,NA
1905,行政院環境保護署,特有生物研究保育中心臉書社團蜘蛛調查資料集,1581,230,NA
1906,行政院環境保護署,特有生物研究保育中心臉書社團蝸牛調查資料集,1370,219,NA
1907,行政院環境保護署,特有生物研究保育中心臉書社團路殺社資料集,2564,368,5
1908,行政院環境保護署,特生中心蛾調志工蛾類調查資料集,1607,243,NA
1909,行政院環境保護署,特生中心102年度繁殖鳥大調查資料集,1987,343,5
1910,行政院環境保護署,焚化爐煙囪位置圖,3779,835,3.5
1911,嘉義市政府,嘉義市iTaiwan熱點,6215,804,2.25
1912,財政部,採購標案資料,3171,379,4.4
1913,交通部航港局,103年6月國際商港船舶進出港動態資料,1726,93,NA
1914,交通部中央氣象局,高解析紅外線黑白衛星雲圖-東亞 ,1947,157,2
1915,交通部中央氣象局,高解析紅外線色調強化衛星雲圖-東亞 ,1548,146,NA
1916,行政院,行政院LED/每週重要訊息內容,1792,285,NA
1917,國家通訊傳播委員會,無障礙網頁標章統計,2203,199,NA
1918,財政部財政資訊中心,臺閩地區營業稅自動報繳單位申報情形分析表(縣市別),1679,205,NA
1919,財政部財政資訊中心,臺閩地區營業稅自動報繳單位申報情形分析表(行業別),2961,206,1
1920,交通部觀光局,102年來台旅客職業統計,3029,317,5
1921,交通部觀光局,102年來台旅客年齡統計,1571,222,NA
1922,交通部觀光局,102年來台旅客搭乘交通工具及入境港口統計,1915,222,NA
1923,交通部觀光局,102年中華民國國民出國年齡統計,4568,360,3
1924,交通部觀光局,102年中華民國國民出國搭乘交通工具及出境港口統計,1546,157,NA
1925,臺灣港務股份有限公司,臺灣地區國際商港進出港船舶,1588,154,5
1926,臺灣港務股份有限公司,臺灣地區國際商港旅客人數,1418,163,NA
1927,臺灣港務股份有限公司,臺灣地區國際商港貨物裝卸量,1025,96,NA
1928,臺灣港務股份有限公司,臺灣地區國際商港貨櫃裝卸量,1189,114,NA
1929,臺灣港務股份有限公司,臺灣地區國際商港貨物吞吐量,1107,111,2
1930,臺灣港務股份有限公司,臺灣地區自由貿易港區貿易量、值,1029,92,NA
1931,行政院主計總處,各機關統計調查一覽表,1507,257,NA
1932,財政部,財政部各單位暨所屬機關新聞稿,1659,215,4.5
1933,交通部航港局,103年度交通部航港局單位單位預算─歲入來源別 ,948,76,NA
1934,交通部航港局,103年度交通部航港局單位單位預算─歲出機關別 ,1087,71,NA
1935,財政部統計處,進出口貿易值,1498,196,NA
1936,財政部統計處,進出口貿易值_按洲別 ／ 國別分(CY1981~2000),2867,332,2.2
1937,財政部統計處,出口值_按主要貨品分,3478,2455,1.8
1938,財政部統計處,進口值_按主要貨品分,2486,228,3.25
1939,財政部統計處,進出口貿易值_國際貿易標準(SITC)分,1468,132,NA
1940,財政部統計處,進出口貿易值_按國際商品統一分類制度(HS)分,2451,173,4
1941,財政部統計處,進出口貿易值_按結構別複分類投入要素密集度分,1053,99,NA
1942,財政部統計處,貿易指數－總指數(連鎖指數),1685,110,NA
1943,財政部統計處,貿易指數－出口單位價值指數,1644,95,NA
1944,財政部統計處,貿易指數－出口數量指數,1441,98,NA
1945,財政部統計處,貿易指數－進口單位價值指數,1085,82,NA
1946,財政部統計處,貿易指數－進口數量指數,1233,104,NA
1947,財政部財政資訊中心,綜合所得稅各縣市申報統計表,5867,793,1
1948,財政部財政資訊中心,綜合所得稅各級距申報統計表,4682,654,2.333333397
1949,中華郵政股份有限公司,投遞郵局,1748,131,NA
1950,中華郵政股份有限公司,房地產出租,1695,188,NA
1951,行政院主計總處,工商及服務業企業單位年底從業員工人數及全年薪資,2073,214,3
1952,交通部臺灣區國道新建工程局,國道新建工程局出版品目錄,1276,119,NA
1953,財政部,租稅協定之介紹,2044,276,NA
1954,國防部,國防部「103年後備軍人晉任暨幹部表揚典禮活動」資料集,2717,141,NA
1955,國防部,軍事學校正期班報考資料,1322,166,NA
1956,國防部,飛行常備軍官班報考資料,1273,149,NA
1957,財政部,貨品暫准通關證制度之介紹,1445,192,NA
1958,財政部,租稅協定一覽表,10657,1101,4.125
1959,行政院公共工程委員會,PCCES預算書資訊文件-下水道工程預算書,1659,117,NA
1960,行政院公共工程委員會,查詢即時各科技師執業人數,2638,184,NA
1961,行政院公共工程委員會,PCCES預算書資訊文件-自來水工程預算書,1669,112,NA
1962,行政院公共工程委員會,PCCES預算書資訊文件-河川整治工程預算書,1383,95,NA
1963,行政院公共工程委員會,PCCES預算書資訊文件-隧道工程預算書,1592,87,NA
1964,戶政司,各村里教育程度資料,10159,2080,4
1965,戶政司,各鄉鎮市區人口密度,51255,7776,3.96428566
1966,戶政司,各村（里）戶籍人口統計月報表,35184,12225,3.866666794
1967,國家圖書館,國家圖書館年報,1658,117,NA
1968,財政部,貨品暫准通關證執行成效,1425,159,5
1969,國防部,大學儲備軍官團報考資料,1187,156,NA
1970,國防部,空軍二技班報考資料,1453,187,4
1971,國防部,士官二專班報考資料,2126,189,NA
1972,國防部,中正預校高中部報考資料,1792,161,3
1973,國防部,專業志願士兵報考資料,1159,139,NA
1974,國防部,專業預備軍士官班報考資料,1152,149,NA
1975,國防部,大專預官預士報考資料,1190,150,NA
1976,國防部,民國101年全民國防教育傑出貢獻(團體獎)當選名冊,1092,51,NA
1977,國防部,募兵制宣導暨推動概況,2093,344,4
1978,國防部,漢聲電臺收聽頻率及各分臺節目表,1337,67,5
1979,國防部,國防部福利事業管理處各福利（分）站資料表,1756,59,NA
1980,交通部運輸研究所,臺灣地區歷年人口及汽車持有數,3394,571,NA
1981,交通部運輸研究所,運輸部門歷年主要油料價格調整表,2026,143,NA
1982,交通部運輸研究所,臺鐵營運里程及車站數,2617,427,NA
1983,交通部運輸研究所,臺灣高鐵各站旅運量,20543,1667,3.5
1984,衛生福利部食品藥物管理署,基因改造食品原料資料集,8405,390,4
1985,衛生福利部食品藥物管理署,嬰兒與較大嬰兒配方食品資料集,9351,531,5
1986,衛生福利部食品藥物管理署,可供食品使用原料彙整一覽表,21704,2902,4.2
1987,衛生福利部食品藥物管理署,餐飲業優良業者名單資料集,10608,697,2.5
1988,財政部財政資訊中心,營利事業所得稅結算、基本稅額暨未分配盈餘申報收件統計表,2115,196,5
1989,財政部推動促參司,機關辦理促參案件前置作業補助統計,1297,190,NA
1990,行政院人事行政總處,各縣市所屬機關學校公教人員官等別、性別---按縣市別,1716,134,2
1991,財政部統計處,營利事業家數-按地區別及稅務行業別分,2688,430,3
1992,財政部統計處,營利事業銷售額-按地區別及稅務行業別分,11297,1247,4.5
1993,財政部統計處,各級政府歲入淨額-按來源別分,1249,98,NA
1994,財政部統計處,各級政府歲出淨額-按政事別分,1239,104,NA
1995,財政部統計處,公庫收入淨額－按來源別及公庫別,963,58,NA
1996,財政部統計處,公庫支出淨額－按政事別及公庫別,1104,77,NA
1997,財政部統計處,公庫收入－按來源別及公庫別,1280,91,NA
1998,財政部統計處,公庫支出－按政事別及公庫別,1308,104,3
1999,財政部統計處,公庫結存－按公庫別,1202,89,NA
2000,財政部統計處,國庫收入－按來源別,1815,139,3
2001,財政部統計處,國庫支出－按政事別,1582,125,NA
2002,財政部統計處,國庫資金流通狀況,1051,105,NA
2003,財政部,財政部各單位暨所屬機關明細表,1750,282,1
2004,衛生福利部疾病管制署,公費A型肝炎疫苗實施地區及接種時程,2521,199,NA
2005,衛生福利部疾病管制署,幼兒常規疫苗接種時間試算,1708,231,5
2006,衛生福利部疾病管制署,成人預防接種建議時程,1544,193,NA
2007,衛生福利部疾病管制署,我國現行預防接種時程,1840,205,5
2008,衛生福利部疾病管制署,預防接種單位資訊,2933,524,1
2009,國防部,國軍醫院系列講座,965,132,NA
2010,國防部,國軍醫院學術研討會訊息,1052,112,NA
2011,經濟部智慧財產局,商品與服務國際（尼斯）分類,1945,235,NA
2012,經濟部智慧財產局,國家發明創作獎得獎名單,1131,83,NA
2013,衛生福利部國民健康署,兒童與青少年生長身體質量指數(BMI)建議值,3438,518,5
2014,衛生福利部國民健康署,成人健康體重標準,3275,741,5
2015,衛生福利部國民健康署,102年通過健康職場認證之職場名稱及相關資料,1830,187,NA
2016,衛生福利部國民健康署,各類運動消耗熱量表,3230,543,5
2017,衛生福利部國民健康署,高齡友善健康照護認證機構縣市分佈情形,2971,250,4
2018,衛生福利部國民健康署,市售飲料熱量,2523,442,1
2019,衛生福利部國民健康署,國人膳食營養素上限參考攝取量,2455,257,NA
2020,國軍退除役官兵輔導委員會,退輔會103年度榮民服務處進修訓練課程資訊,1550,73,NA
2021,國軍退除役官兵輔導委員會,退輔會103年度訓練中心榮民(眷)職技訓練課程資訊,2184,108,NA
2022,國軍退除役官兵輔導委員會,桃園榮民之家公務電話一覽表,1616,234,NA
2023,行政院主計總處,工商及服務業企業單位經營效率,1075,90,NA
2024,行政院主計總處,工商及服務業企業單位數,1538,150,NA
2025,國軍退除役官兵輔導委員會,八德榮民之家公務電話一覽表,1728,223,NA
2026,國軍退除役官兵輔導委員會,新竹榮民之家公務電話一覽表,1874,231,NA
2027,國軍退除役官兵輔導委員會,中彰榮民之家公務電話一覽表,4029,269,NA
2028,國軍退除役官兵輔導委員會,彰化榮民之家公務電話一覽表,2244,241,NA
2029,國軍退除役官兵輔導委員會,雲林榮民之家公務電話一覽表,2197,241,NA
2030,國軍退除役官兵輔導委員會,白河榮民之家公務電話一覽表,2648,244,2
2031,國軍退除役官兵輔導委員會,臺南榮民之家公務電話一覽表,1595,240,NA
2032,國軍退除役官兵輔導委員會,高雄榮民之家公務電話一覽表,1918,261,NA
2033,國軍退除役官兵輔導委員會,岡山榮民之家公務電話一覽表,1335,84,5
2034,國軍退除役官兵輔導委員會,屏東榮民之家公務電話一覽表,1810,245,NA
2035,國軍退除役官兵輔導委員會,臺北榮民之家公務電話一覽表,2819,264,NA
2036,交通部航港局,103年7月國際商港船舶進出港動態資料,1187,77,NA
2037,衛生福利部食品藥物管理署,食品營養成分資料集,23627,3458,4.125
2038,國防部,邦交國駐華武官處,1380,103,NA
2039,國防部,海軍陸戰隊主要單位特色簡介,2971,155,2
2040,國防部,海軍陸戰隊各類專長內容一覽表,1935,113,1
2041,國防部,公務人員甄審暨考績委員會性別比例統計,1473,63,NA
2042,國防部,離島建設條例購回土地,1153,173,NA
2043,國防部,國防部軍備局102暨103年睦鄰捐助計畫暨執行成效,1400,129,NA
2044,國防部,國軍武獲接裝,2478,146,NA
2045,國防部,中正預校歷任校長任期,1741,96,2
2046,衛生福利部保護服務司,各直轄市、縣（市）政府防治中心通訊一覽表,1157,233,NA
2047,消防署,全國火災次數起火原因及火災損失統計資料表,6081,794,3.5
2048,衛生福利部社會及家庭署,婦女福利服務中心連絡一覽表,1712,105,NA
2049,衛生福利部社會及家庭署,99年兒童及少年生活狀況調查,2022,201,NA
2050,國防部,民國101年全民國防教育縣(市)政府考核評鑑當選名冊,957,36,NA
2051,衛生福利部社會及家庭署,基金會名錄,2694,393,1.333333302
2052,衛生福利部醫事司,醫事人員執業資料,15946,1106,1.2
2053,財政部國庫署,中央政府行政及財產收入統計表,1326,128,NA
2054,衛生福利部社會及家庭署,全國老人福利機構名冊,13191,1399,4.2
2055,衛生福利部護理及健康照護司,全台長期照護管理中心,3174,567,NA
2056,衛生福利部護理及健康照護司,一般護理之家評鑑結果,4379,357,2.333333397
2057,衛生福利部中醫藥司,中藥藥品許可證查詢,4313,235,4.25
2058,衛生福利部綜合規劃司,受理各類人民申請案件處理期限,1055,94,NA
2059,衛生福利部綜合規劃司,管制考核列管計畫一覽表,1643,99,NA
2060,衛生福利部醫事司,103年醫院評鑑基準及評量項目,3818,275,3
2061,衛生福利部醫事司,103年教學醫院評鑑基準及評量項目,1876,142,NA
2062,衛生福利部醫事司,兒童醫院評核標準及評量項目,1754,85,NA
2063,衛生福利部中醫藥司,醫院緊急醫療能力分級評定結果公告,2987,256,NA
2064,衛生福利部中醫藥司,GMP中藥廠名單,3557,439,5
2065,交通部觀光局,國人出國旅遊重要指標統計表,4976,1496,1.666666603
2066,交通部觀光局,國人國內旅遊重要指標統計表,6986,1022,NA
2067,交通部觀光局,102年來臺旅遊市場相關指標值,1974,290,NA
2068,交通部觀光局,13處國家風景區102年全區遊客人次推估表,1773,271,NA
2069,財政部賦稅署,近10年遺產稅及贈與稅實徵數及預算數統計資料,2258,245,NA
2070,秘書室,內政部新聞發布,1053,216,NA
2071,秘書室,內政部部長公開行程,1395,67,NA
2072,內政部資訊中心,內政部法案動態,1162,77,NA
2073,內政部資訊中心,內政部活動訊息,838,116,NA
2074,內政部資訊中心,內政部行政公告,974,252,NA
2075,人事處,內政部徵才資訊,1039,91,NA
2076,內政部營建署,國家公園物種知識庫,1664,132,4.5
2077,消防署,消防安全設備審核認可產品,2200,144,2.666666603
2078,役政署,替代役役男退役日期查詢,14758,1053,2
2079,中央警察大學,中央警察大學年度各班期報考人數統計表,1867,231,5
2080,中央警察大學,中央警察大學年度招生考試複試體檢指定醫院,1274,90,5
2081,衛生福利部疾病管制署,地區年齡性別統計表-恙蟲病,1151,646,NA
2082,內政部資訊中心,為民服務地點通訊錄(RDF),3200,298,2
2083,衛生福利部疾病管制署,地區年齡性別統計表-日本腦炎,1194,652,NA
2084,衛生福利部疾病管制署,地區年齡性別統計表-屈公病 ,927,596,NA
2085,內政部資訊中心,國際社會團體資料(RDF),1842,145,NA
2086,衛生福利部疾病管制署,地區年齡性別統計表-西尼羅熱,863,590,NA
2087,衛生福利部疾病管制署,地區年齡性別統計表-流行性斑疹傷寒,935,591,NA
2088,內政部資訊中心,全國宗教資訊系統資料-寺廟(RDF),4071,415,3
2089,衛生福利部疾病管制署,地區年齡性別統計表-類鼻疽,1053,581,NA
2090,衛生福利部疾病管制署,地區年齡性別統計表-鉤端螺旋體病,1018,590,NA
2091,內政部資訊中心,友善建築場所(RDF),1383,137,NA
2092,衛生福利部疾病管制署,地區年齡性別統計表-狂犬病,972,659,NA
2093,衛生福利部心理及口腔健康司,指定藥癮戒治機構名單,1002,107,NA
2094,衛生福利部心理及口腔健康司,愷它命濫用之臨床評估與處置建議,1455,172,NA
2095,衛生福利部心理及口腔健康司,提供替代治療醫療執行機構,2278,648,3
2096,行政院人事行政總處,天然災害停班停課狀態,5941,483,1.875
2097,外交部,我國政府開發援助統計資料,1602,132,NA
2098,財政部財政資訊中心,臺閩地區營業人資本額家數統計表(縣市別),1705,142,NA
2099,財政部財政資訊中心,臺閩地區營業人資本額家數統計表(組織別),1516,120,NA
2100,財政部財政資訊中心,臺閩地區依大業別(公司暨非公司)資本額家數統計表,1648,153,NA
2101,財政部財政資訊中心,臺閩地區營業稅查定課徵營利事業開徵情形(家數、銷售額、稅額)統計表,1996,183,NA
2102,總統府,總統府內部保有及管理個人資料之項目彙整表,2400,361,NA
2103,國家發展委員會,政府資料開放平臺資料集瀏覽及下載次數統計,4474,27417,3
2104,財政部財政資訊中心,臺閩地區各縣市營利事業家數增長情形統計表,1289,117,NA
2105,財政部財政資訊中心,臺閩地區各縣市營業人家數統計表(組織別),1512,99,NA
2106,財政部財政資訊中心,臺閩地區各縣市營業人家數統計表(課稅方式別),1405,104,NA
2107,財政部財政資訊中心,臺閩地區依大業別(資本額級距)家數統計表,2360,149,4
2108,經濟部礦務局,礦業從業人員薪資統計表,1335,121,NA
2109,經濟部礦務局,爆炸物管理員訓練統計表,1813,103,NA
2110,經濟部礦務局,全國砂土石產銷存動態統計表,4185,545,5
2111,財政部賦稅署,營利事業所得稅稅率及速算公式,2199,173,NA
2112,財政部賦稅署,歷年綜合所得稅實徵數及預算數統計表,2449,215,1
2113,財政部賦稅署,歷年營利事業所得稅實徵數及預算數統計表,1967,191,NA
2114,財政部賦稅署,遺產及贈與稅稅率扣免稅金額,1714,108,NA
2115,行政院農業委員會,獸醫師(佐)開業執照,4365,404,4
2116,文化部,文化部典藏目錄-原住民類,1091,39,NA
2117,文化部,文化部典藏目錄-歷史類,822,18,NA
2118,文化部,文化部典藏目錄-北美類,722,25,NA
2119,文化部,文化部典藏目錄-哺乳類,1299,25,NA
2120,文化部,文化部典藏目錄-南洋類,637,29,NA
2121,文化部,文化部典藏目錄-礦石類,937,22,NA
2122,文化部,文化部典藏目錄-維管束類,750,18,NA
2123,文化部,文化部典藏目錄-貨幣類,730,27,NA
2124,文化部,文化部典藏目錄-苔蘚類,701,24,NA
2125,文化部,文化部典藏目錄-藻類,723,29,NA
2126,文化部,文化部典藏目錄-魚類,890,35,NA
2127,文化部,文化部典藏目錄-貝類,827,27,NA
2128,文化部,文化部典藏目錄-考古類,750,30,NA
2129,文化部,文化部典藏目錄-甲殼類,1014,34,NA
2130,文化部,文化部典藏目錄-兩棲類,843,28,NA
2131,文化部,文化部典藏目錄-昆蟲類,865,53,NA
2132,文化部,文化部典藏目錄-爬蟲類,1178,31,NA
2133,文化部,文化部典藏目錄-鳥類,938,47,NA
2134,文化部,文化部典藏目錄-東南亞島民族類,809,34,NA
2135,文化部,文化部典藏目錄-中國西南少數民族類,917,37,NA
2136,文化部,文化部典藏目錄-化石類,884,32,NA
2137,文化部,文化部典藏目錄-書籍類,905,39,NA
2138,文化部,文化部典藏目錄-雜誌期刊類,949,39,NA
2139,文化部,文化部典藏目錄-文書檔案類,1092,29,NA
2140,文化部,文化部典藏目錄-報紙類,903,33,NA
2141,文化部,文化部典藏目錄-明信片類,739,34,NA
2142,文化部,文化部典藏目錄-照片與相簿類,798,41,NA
2143,文化部,文化部典藏目錄-圖像書籍類,703,25,NA
2144,文化部,文化部典藏目錄-手稿類,748,33,NA
2145,文化部,文化部典藏目錄-藝術圖像類,779,34,NA
2146,文化部,文化部典藏目錄-地圖類,804,46,NA
2147,文化部,文化部典藏目錄-宗教禮俗類,1073,45,NA
2148,文化部,文化部典藏目錄-產業類,604,31,NA
2149,文化部,文化部典藏目錄-商業財產類,927,30,NA
2150,文化部,文化部典藏目錄-飲食用具類,1025,42,NA
2151,文化部,文化部典藏目錄-生活衣飾與用品類,772,28,NA
2152,文化部,文化部典藏目錄-建築與居處空間類,784,27,NA
2153,文化部,文化部典藏目錄-交通運輸與通訊類,1927,67,NA
2154,文化部,文化部典藏目錄-娛樂類,870,29,NA
2155,文化部,文化部典藏目錄-政治社教類,721,31,NA
2156,文化部,文化部典藏目錄-醫療衛生類,760,37,NA
2157,文化部,文化部典藏目錄-武器防禦類,773,36,NA
2158,文化部,文化部典藏目錄-音樂資料類,929,26,NA
2159,文化部,文化部典藏目錄-版畫類,670,27,NA
2160,文化部,文化部典藏目錄-攝影類,785,37,NA
2161,文化部,文化部典藏目錄-總統府移交類,677,31,NA
2162,文化部,文化部典藏目錄-工藝文物類,694,33,NA
2163,文化部,文化部典藏目錄-文獻書籍類,686,33,NA
2164,文化部,文化部典藏目錄-水墨類,742,27,NA
2165,文化部,文化部典藏目錄-膠彩畫類,696,28,NA
2166,文化部,文化部典藏目錄-書法類,912,32,NA
2167,文化部,文化部典藏目錄-篆刻類,793,33,NA
2168,文化部,文化部典藏目錄-油畫類,750,29,NA
2169,文化部,典藏目錄-水彩畫類,778,55,NA
2170,文化部,文化部典藏目錄-壓克力畫類,716,28,NA
2171,文化部,文化部典藏目錄-粉彩畫類,1041,29,NA
2172,文化部,文化部典藏目錄-雕塑類,771,27,NA
2173,文化部,文化部典藏目錄-工藝美術類,924,29,NA
2174,文化部,文化部典藏目錄-觀念藝術類,725,23,NA
2175,文化部,文化部典藏目錄-應用美術類,702,30,NA
2176,文化部,文化部典藏目錄-複合媒材類,735,32,NA
2177,文化部,文化部典藏目錄-素描類,706,31,NA
2178,文化部,文化部典藏目錄-陶藝類,960,31,NA
2179,文化部,文化部典藏目錄-新媒體藝術類,986,39,NA
2180,文化部,文化部典藏目錄-裝置藝術類,1032,35,NA
2181,文化部,文化部典藏目錄-平面書畫類,759,31,NA
2182,文化部,文化部典藏目錄-攝影印刷類,754,45,NA
2183,文化部, 文化部典藏目錄-漆器類,795,44,NA
2184,文化部,文化部典藏目錄-竹材類,960,34,NA
2185,文化部,文化部典藏目錄-陶瓷類,773,39,NA
2186,文化部,文化部典藏目錄-纖維染織類,731,37,NA
2187,文化部,文化部典藏目錄-皮革類,761,42,NA
2188,文化部,文化部典藏目錄-金屬類,799,48,NA
2189,文化部,文化部典藏目錄-紙材類,861,48,NA
2190,文化部,文化部典藏目錄-籐材類,817,35,NA
2191,文化部,文化部典藏目錄-玻璃類,876,37,NA
2192,文化部,文化部典藏目錄-綜合類,814,36,NA
2193,文化部,文化部典藏目錄-石材類,956,62,NA
2194,文化部,文化部典藏目錄-木材類,1079,54,3
2195,文化部,文化部典藏目錄-樹脂類,875,50,NA
2196,文化部,文化部典藏目錄-工藝類,875,60,5
2197,行政院農業委員會,糧商資訊系統,7296,454,5
2198,財政部賦稅署,近10年土地增值稅實徵數統計資料,1581,111,NA
2199,財政部賦稅署,近10年地價稅實徵數統計資料,1156,121,NA
2200,財政部賦稅署,近10年使用牌照稅實徵數統計資料,1332,98,NA
2201,交通部臺灣鐵路管理局,每日各站點進出站人數,13911,1887,3.4
2202,財政部賦稅署,近10年房屋稅實徵數統計資料,2469,198,NA
2203,財政部賦稅署,近10年契稅實徵數統計資料,1327,115,NA
2204,經濟部工業局,經濟部工業局所轄工業區已租售土地建廠使用情形,2564,333,NA
2205,經濟部工業局,工業局人才培訓計畫課程資訊,1760,222,5
2206,國防部,國防部施政滿意度調查,1767,138,NA
2207,國防部,憲兵學術半年刊,1674,85,NA
2208,國防部,憲兵指揮部國軍官兵營外急難服務中心設置地點,1044,43,NA
2209,國防部,憲兵指揮部國內常見暨新興毒品宣導資料,1365,88,NA
2210,國防部,憲兵指揮部所屬各憲兵隊基本資料及服務項目,1321,62,NA
2211,經濟部國營事業委員會,經濟部所屬事業近3年營運概況,1414,124,5
2212,行政院環境保護署,各公告類別申報事業廢棄物流向統計,996,170,NA
2213,行政院環境保護署,各行業別申報事業廢棄物量統計,864,183,NA
2214,行政院環境保護署,各縣市事業廢棄物申報流向統計,1303,204,NA
2215,行政院環境保護署,各縣市事業廢棄物依處理方式區分統計,995,175,NA
2216,行政院環境保護署,有害事業廢棄物申報量統計,1457,194,5
2217,行政院環境保護署,事業廢棄物申報流向統計,2623,326,1
2218,行政院環境保護署,已公告之飲用水水源水質保護區一覽表,972,207,5
2219,行政院環境保護署,已公告之飲用水取水口一定距離一覽表,3351,511,5
2220,行政院環境保護署,綠色商店基本資料,1230,302,NA
2221,行政院環境保護署,環保標章產品(環保產品),1252,172,NA
2222,行政院環境保護署,土壤及地下水污染場址位置圖,6224,1738,2.666666603
2223,行政院環境保護署,工業區污水處理廠分布位置地理圖資,4773,968,1.5
2224,行政院環境保護署,水污染管制區範圍地理圖資,3413,738,3
2225,行政院環境保護署,水庫水質監測站位置圖,2378,660,1.5
2226,行政院環境保護署,河川巡守路線地理圖資,1491,303,2.333333397
2227,行政院環境保護署,海域水質監測站位置圖,1264,240,NA
2228,行政院環境保護署,環境檢測機構位置圖,1184,183,NA
2229,行政院環境保護署,再生資源申報量統計,936,157,NA
2230,行政院環境保護署,各縣市事業廢棄物清除處理機構家數統計,1151,209,NA
2231,行政院環境保護署,事業廢棄物申報量依物種統計,1290,217,NA
2232,行政院環境保護署,事業廢棄物申報量依製造程序統計,1643,195,NA
2233,行政院環境保護署,事業廢棄物申報境外處理之實際輸出入量統計,1168,233,NA
2234,行政院環境保護署,事業廢棄物進行再利用項目統計,1003,205,NA
2235,台灣中油股份有限公司溶劑化學品事業部,煤油經銷商名單 ,2016,163,5
2236,台灣中油股份有限公司溶劑化學品事業部,溶劑油經銷商名單 ,2031,207,4
2237,衛生福利部國民健康署,全國糖尿病支持團體名單,2551,171,NA
2238,原住民族委員會,國中小學校學生轉學(轉出)情形統計,1074,100,NA
2239,衛生福利部國民健康署,整合性篩檢服務實施區域,1416,139,NA
2240,衛生福利部國民健康署,慢性腎臟病分期標準,1544,135,NA
2241,衛生福利部國民健康署,慢性疾病盛行率,3546,625,1
2242,衛生福利部國民健康署,代謝症候群判定標準,1221,137,NA
2243,衛生福利部國民健康署,健康腰圍判定與測量,1456,172,1
2244,衛生福利部國民健康署,血壓、血糖參考標準,2890,344,3
2245,行政院主計總處,工商及服務業企業單位跨國服務或勞務交易、外資直接投資及跨國人員往來概況,1108,78,NA
2246,行政院主計總處,工商及服務業企業單位國外分支單位概況,873,61,NA
2247,經濟部國際貿易局,補助工商團體參加國際展覽,1459,114,NA
2248,經濟部國際貿易局,補助業界開發國際市場計畫受補助廠商資料,2000,171,1
2249,經濟部商業司,政府輔導商圈名錄,2379,366,1.5
2250,交通部航港局,103年8月國際商港船舶進出港動態資料,913,81,NA
2251,經濟部能源局,各縣市汽車加油站汽柴油銷售統計資料表,3734,474,4.666666794
2252,經濟部能源局,各縣市汽車加油站汽柴油銷售統計分析表,4774,548,5
2253,經濟部貿易調查委員會,各國貿易救濟案件訊息,1094,122,NA
2254,交通部航港局,航港建設基金預算,860,76,NA
2255,經濟部工業局,工業廢棄物供需資訊,1679,167,NA
2256,經濟部國際合作處,「國際技術合作計畫」研習統計,1482,146,NA
2257,國防部,「Strategic Vision（戰略視野）」英文期刊102-103年稿件清單,1094,63,NA
2258,國防部,中正預校圖書館現有性別藏書,1113,75,NA
2259,國防部,中正國防幹部預備學校現有栽植樹木種類一覽表,981,38,NA
2260,國防部,中正預校高、國中部各年班畢業總成績第一名學生,1524,78,NA
2261,國防部,中正國防幹部預備校101學年度校外學藝競賽成果,1200,40,NA
2262,財政部財政資訊中心,綜合所得稅各類所得金額各縣市申報統計表,2317,291,NA
2263,財政部財政資訊中心,綜合所得稅各類所得金額各級距申報統計表,11359,505,3.5
2264,財政部財政資訊中心,綜合所得稅各項扣除額各縣市申報統計表,1218,108,NA
2265,財政部財政資訊中心,綜合所得稅各項扣除額各級距申報統計表,1467,184,5
2266,行政院公共工程委員會,路平方案統計表,1091,103,NA
2267,桃園國際機場股份有限公司,桃園國際機場客運量月統計,3003,274,NA
2268,行政院公共工程委員會,中央機關終解約案件統計表,1123,79,NA
2269,行政院公共工程委員會,地方機關終解約案件統計表,1084,88,NA
2270,行政院公共工程委員會,各季工程施工查核統計,2726,241,NA
2271,經濟部標準檢驗局,商品型式認可品目資料,1241,96,NA
2272,經濟部標準檢驗局,逐批檢驗品目資料,995,90,NA
2273,衛生福利部疾病管制署,地區年齡性別統計表-天花,885,606,NA
2274,衛生福利部疾病管制署,地區年齡性別統計表-嚴重急性呼吸道症候群,1192,686,NA
2275,衛生福利部疾病管制署,地區年齡性別統計表-鼠疫,1007,576,NA
2276,衛生福利部疾病管制署,地區年齡性別統計表-德國麻疹,957,582,NA
2277,衛生福利部疾病管制署,地區年齡性別統計表-霍亂,1048,593,NA
2278,衛生福利部疾病管制署,地區年齡性別統計表-炭疽病,878,570,NA
2279,衛生福利部疾病管制署,地區年齡性別統計表-白喉,909,559,NA
2280,衛生福利部疾病管制署,地區年齡性別統計表-流行性腦脊髓膜炎,1015,561,NA
2281,衛生福利部疾病管制署,地區年齡性別統計表-傷寒,1353,625,NA
2282,衛生福利部疾病管制署,地區年齡性別統計表-副傷寒,800,559,NA
2283,衛生福利部疾病管制署,地區年齡性別統計表-小兒麻痺,1188,591,NA
2284,衛生福利部疾病管制署,地區年齡性別統計表-急性無力肢體麻痺,850,562,NA
2285,衛生福利部疾病管制署,地區年齡性別統計表-登革出血熱/登革休克症候群,1071,664,NA
2286,衛生福利部疾病管制署,地區年齡性別統計表-瘧疾,923,578,NA
2287,衛生福利部疾病管制署,地區年齡性別統計表-麻疹,1116,591,NA
2288,衛生福利部疾病管制署,地區年齡性別統計表-急性病毒性Ａ型肝炎,1035,640,NA
2289,衛生福利部疾病管制署,地區年齡性別統計表-腸道出血性大腸桿菌感染症,838,582,NA
2290,衛生福利部疾病管制署,地區年齡性別統計表-漢他病毒出血熱,1005,567,NA
2291,衛生福利部疾病管制署,地區年齡性別統計表-漢他病毒肺症候群,942,570,NA
2292,衛生福利部疾病管制署,地區年齡性別統計表-多重抗藥性結核病,919,618,NA
2293,衛生福利部疾病管制署,地區年齡性別統計表-漢生病,948,597,NA
2294,衛生福利部疾病管制署,地區年齡性別統計表-百日咳,880,565,NA
2295,衛生福利部疾病管制署,地區年齡性別統計表-破傷風,1108,579,NA
2296,衛生福利部疾病管制署,地區年齡性別統計表-急性病毒性Ｂ型肝炎,1300,629,NA
2297,衛生福利部疾病管制署,地區年齡性別統計表-急性病毒性C型肝炎,1080,599,NA
2298,衛生福利部疾病管制署,地區年齡性別統計表-急性病毒性D型肝炎,832,561,NA
2299,衛生福利部疾病管制署,地區年齡性別統計表-急性病毒性E型肝炎,809,568,NA
2300,衛生福利部疾病管制署,地區年齡性別統計表-流行性腮腺炎,905,564,NA
2301,衛生福利部疾病管制署,地區年齡性別統計表-梅毒,1073,674,NA
2302,衛生福利部疾病管制署,地區年齡性別統計表-淋病,1244,643,NA
2303,衛生福利部疾病管制署,地區年齡性別統計表-侵襲性ｂ型嗜血桿菌感染症,735,554,NA
2304,衛生福利部疾病管制署,地區年齡性別統計表-退伍軍人病,879,572,NA
2305,衛生福利部疾病管制署,地區年齡性別統計表-先天性德國麻疹症候群,843,574,NA
2306,衛生福利部疾病管制署,地區年齡性別統計表-新生兒破傷風,783,566,NA
2307,衛生福利部疾病管制署,地區年齡性別統計表-急性病毒性肝炎未定型,912,564,NA
2308,衛生福利部疾病管制署,地區年齡性別統計表-肉毒桿菌中毒,872,590,NA
2309,衛生福利部疾病管制署,地區年齡性別統計表-庫賈氏病,833,576,NA
2310,衛生福利部疾病管制署,地區年齡性別統計表-萊姆病,986,570,NA
2311,衛生福利部疾病管制署,地區年齡性別統計表-地方性斑疹傷寒,785,561,NA
2312,衛生福利部疾病管制署,地區年齡性別統計表-Ｑ熱,790,570,NA
2313,衛生福利部疾病管制署,地區年齡性別統計表-水痘併發症 ,815,581,NA
2314,衛生福利部疾病管制署,地區年齡性別統計表-兔熱病 ,762,574,NA
2315,衛生福利部疾病管制署,地區年齡性別統計表-侵襲性肺炎鏈球菌感染症,1658,638,5
2316,衛生福利部疾病管制署,地區年齡性別統計表-,NA,NA,NA
